접수년월,경찰서명,신고건수전체,신고성별남성,신고성별여성,신고성별불상,신고성별기타,접수긴급유형긴급,접수긴급유형중요,접수긴급유형일반,접수긴급유형민원,접수긴급유형기타,발생요일일요일,발생요일월요일,발생요일화요일,발생요일수요일,발생요일목요일,발생요일금요일,발생요일토요일,발생시간대00,발생시간대01,발생시간대02,발생시간대03,발생시간대04,발생시간대05,발생시간대06,발생시간대07,발생시간대08,발생시간대09,발생시간대10,발생시간대11,발생시간대12,발생시간대13,발생시간대14,발생시간대15,발생시간대16,발생시간대17,발생시간대18,발생시간대19,발생시간대20,발생시간대21,발생시간대22,발생시간대23
202301,서울강동,24,9,10,5,0,0,2,22,0,0,6,4,4,2,4,2,2,1,0,2,1,0,0,0,0,1,0,0,1,0,1,0,0,1,1,2,0,3,4,3,3
202301,서울송파,45,36,6,3,0,0,5,40,0,0,6,4,10,6,4,4,11,5,4,0,0,1,1,0,0,0,0,0,0,0,1,1,1,0,3,4,2,5,4,7,6
202301,서울서초,23,12,3,8,0,0,1,22,0,0,3,6,1,4,6,1,2,1,1,0,0,0,0,0,0,0,0,0,0,0,0,0,0,0,0,2,4,4,4,2,5
202301,서울강북,52,18,18,16,0,0,6,45,1,0,5,5,14,10,5,6,7,0,4,6,3,2,2,5,0,0,0,0,0,2,0,0,3,3,0,2,4,4,3,5,4
202301,서울광진,35,15,9,11,0,0,2,32,1,0,11,6,4,6,4,1,3,4,3,2,0,0,0,0,0,0,0,0,0,0,1,2,0,0,3,3,5,2,2,4,4
202301,서울중랑,42,24,12,6,0,0,2,37,2,1,6,8,4,6,6,6,6,1,1,2,3,1,0,0,0,0,0,0,0,0,1,2,1,0,4,4,6,3,7,4,2
202301,서울종암,27,16,8,3,0,0,2,25,0,0,5,3,6,5,4,1,3,2,1,0,2,0,0,0,0,0,0,0,0,0,0,0,0,2,3,0,4,2,4,7,0
202301,서울영등포,21,12,3,6,0,0,5,16,0,0,2,3,3,4,4,0,5,0,0,0,0,0,0,0,0,0,1,0,0,0,1,0,3,0,2,3,3,3,3,2,0
202301,서울서부,35,15,6,14,0,0,5,29,1,0,7,9,3,3,4,3,6,2,0,0,5,0,0,0,0,1,1,0,1,0,0,3,4,1,1,5,2,4,1,3,1
202301,서울동대문,14,6,4,4,0,0,0,14,0,0,4,1,2,5,0,2,0,3,1,0,0,1,0,0,0,0,0,0,0,0,0,0,0,0,0,0,1,1,2,2,3
202301,서울금천,13,4,5,4,0,0,3,10,0,0,0,4,2,2,1,3,1,0,0,0,0,0,0,0,0,0,0,0,0,0,1,0,0,1,0,1,0,0,4,5,1
202301,서울중부,7,2,0,5,0,0,0,7,0,0,1,2,0,3,0,1,0,0,0,0,0,0,0,0,0,0,0,0,0,0,0,0,1,2,0,0,0,1,0,3,0
202301,서울마포,69,27,21,21,0,0,5,62,2,0,6,8,8,10,12,7,18,0,3,4,4,3,0,0,1,0,0,0,0,0,2,1,2,3,6,6,8,11,8,5,2
202301,서울강남,21,13,3,5,0,0,1,18,2,0,4,5,1,2,1,2,6,4,0,0,1,1,0,0,0,0,0,0,0,0,0,0,1,0,4,0,1,0,2,5,2
202301,서울은평,23,11,6,6,0,0,3,20,0,0,5,7,4,1,1,2,3,3,0,1,1,0,0,0,0,0,0,0,0,0,2,1,0,4,1,0,1,2,3,2,2
202301,서울수서,23,6,5,12,0,0,1,22,0,0,2,3,3,6,4,1,4,2,0,0,0,0,0,0,0,0,0,0,0,0,0,0,0,1,3,0,4,3,2,4,4
202301,서울강서,52,27,13,12,0,0,5,43,4,0,10,8,13,4,4,7,6,3,3,0,2,1,0,0,0,0,1,0,0,0,1,2,2,0,9,2,8,2,7,7,2
202301,서울노원,83,41,29,13,0,0,7,74,2,0,9,22,10,12,5,6,19,1,1,2,2,1,0,0,0,0,0,0,0,0,0,2,13,15,5,5,8,4,9,6,9
202301,서울성동,14,7,4,3,0,0,0,14,0,0,3,1,1,4,2,2,1,1,1,0,0,0,0,0,0,0,0,0,0,0,1,0,1,1,0,3,0,3,0,1,2
202301,서울도봉,22,10,8,4,0,1,1,19,1,0,2,1,2,9,5,1,2,1,0,1,0,0,1,1,0,0,0,1,0,0,0,1,1,0,1,3,4,2,1,1,3
202301,서울성북,37,17,19,1,0,0,1,36,0,0,6,4,4,7,4,6,6,3,0,3,0,0,0,0,0,0,0,0,1,0,2,0,3,2,3,2,5,9,1,1,2
202301,서울청,1,0,1,0,0,0,1,0,0,0,0,0,0,1,0,0,0,0,0,0,0,0,0,0,0,0,0,0,0,0,0,0,0,0,0,0,0,1,0,0,0
202301,서울혜화,7,3,0,4,0,0,0,5,2,0,0,0,2,0,0,5,0,0,0,0,0,0,0,0,0,0,0,0,0,0,0,0,0,0,0,0,0,0,3,2,2
202301,서울방배,3,2,0,1,0,0,0,3,0,0,1,0,0,0,0,1,1,0,0,0,0,0,0,0,0,0,0,0,0,0,0,0,1,0,0,0,0,0,1,1,0
202301,서울관악,24,13,9,2,0,0,1,23,0,0,6,4,2,5,1,2,4,1,1,1,1,0,1,0,0,0,0,0,0,0,0,0,1,2,2,0,2,3,3,2,4
202301,서울용산,6,3,1,2,0,0,2,4,0,0,0,4,0,1,1,0,0,1,2,0,1,0,0,0,0,0,0,0,0,0,0,1,0,0,0,0,0,0,0,1,0
202301,서울서대문,13,10,0,3,0,0,1,11,1,0,0,2,3,3,0,4,1,0,0,0,0,0,0,0,0,0,0,0,0,0,0,0,0,1,0,2,2,1,1,4,2
202301,서울양천,41,19,10,12,0,0,2,36,3,0,8,5,7,4,3,6,8,4,0,1,2,0,0,0,0,0,0,0,0,2,1,0,3,4,4,1,1,3,6,9,0
202301,서울동작,15,8,2,5,0,0,0,15,0,0,2,2,4,1,2,2,2,1,1,0,1,0,0,1,0,0,0,0,0,0,0,0,0,1,3,1,1,2,2,1,0
202301,서울구로,24,17,4,3,0,0,3,20,1,0,4,4,3,4,2,4,3,2,1,1,0,0,1,0,0,0,0,1,0,1,2,3,1,0,1,0,3,1,1,4,1
202301,ETC,310,196,84,30,0,2,14,272,9,13,53,57,43,42,44,38,33,22,11,10,8,5,3,3,0,3,2,1,1,2,6,6,14,19,28,17,26,42,28,31,22
202302,서울강북,29,16,8,5,0,0,2,27,0,0,2,7,5,5,4,0,6,0,0,1,0,1,1,0,0,0,0,0,1,1,0,2,1,1,2,4,5,4,3,2,0
202302,서울영등포,22,12,5,5,0,0,1,21,0,0,3,1,4,6,2,2,4,3,3,0,1,0,0,0,1,0,0,0,0,0,0,0,1,0,2,2,3,2,2,2,0
202302,서울광진,26,10,11,5,0,0,1,24,1,0,9,3,3,2,2,5,2,2,0,0,0,0,1,0,0,0,0,0,0,0,0,2,1,0,2,4,1,3,1,5,4
202302,서울도봉,29,13,9,7,0,0,1,28,0,0,1,5,3,4,8,6,2,0,0,2,0,0,0,0,0,0,0,0,1,1,0,0,4,3,1,2,4,2,4,2,3
202302,서울송파,52,20,14,18,0,0,1,49,2,0,7,5,9,10,7,8,6,4,0,0,0,1,0,0,0,0,2,0,0,1,0,0,0,4,6,1,7,8,8,2,8
202302,서울강동,56,40,5,11,0,0,7,47,2,0,7,6,10,6,7,12,8,3,0,0,0,2,0,0,1,1,0,0,0,2,0,3,1,4,4,4,11,7,5,8,0
202302,서울서대문,13,9,2,2,0,0,0,12,1,0,2,1,3,2,1,2,2,0,0,0,0,2,0,0,0,0,0,0,0,0,1,0,1,0,0,2,1,0,2,4,0
202302,서울강남,13,6,4,3,0,0,1,11,0,1,3,3,2,2,1,0,2,1,0,0,0,0,0,0,0,0,0,0,0,1,0,0,1,0,0,2,1,0,3,2,2
202302,서울동대문,14,6,4,4,0,0,1,13,0,0,2,1,1,4,3,2,1,1,0,0,0,0,0,0,1,0,0,0,0,1,0,0,1,0,3,1,0,4,0,0,2
202302,서울성동,11,5,4,2,0,0,3,7,1,0,1,3,2,1,3,0,1,0,1,0,0,0,0,0,0,0,0,0,0,2,0,0,0,0,0,0,1,0,2,5,0
202302,서울노원,75,35,15,25,0,1,3,68,3,0,8,9,13,9,15,6,15,4,1,1,0,1,1,0,0,0,1,1,1,1,4,2,6,3,5,3,10,3,10,13,4
202302,서울은평,24,7,8,9,0,0,3,19,2,0,3,4,1,4,3,5,4,4,0,0,1,0,1,0,0,0,0,1,0,0,0,1,2,4,2,2,1,2,1,1,1
202302,서울서부,52,30,20,2,0,0,7,44,1,0,5,9,2,3,9,14,10,5,2,0,1,2,2,0,0,0,0,0,3,1,0,2,0,1,4,2,4,4,6,9,4
202302,서울마포,65,32,14,19,0,0,8,57,0,0,11,8,15,10,8,8,5,4,4,1,0,0,0,0,0,0,0,0,0,2,1,2,2,5,8,6,6,7,9,7,1
202302,서울금천,16,10,3,3,0,0,3,13,0,0,3,0,1,1,2,5,4,3,0,0,0,1,0,0,0,0,0,1,0,0,0,0,2,1,0,1,0,2,3,0,2
202302,서울중랑,35,23,7,5,0,0,3,32,0,0,3,8,3,7,5,4,5,2,0,0,1,0,0,0,0,0,0,0,0,1,0,0,0,1,5,6,6,0,7,4,2
202302,서울중부,6,2,3,1,0,0,1,5,0,0,2,1,1,0,1,0,1,0,1,0,0,0,0,0,0,0,0,0,0,0,0,0,2,0,0,0,0,1,0,1,1
202302,서울종암,22,17,2,3,0,1,6,13,2,0,3,0,4,5,4,4,2,0,0,0,0,0,0,0,0,0,0,0,0,0,0,1,3,2,2,0,1,2,6,2,3
202302,서울수서,24,10,2,12,0,0,3,19,2,0,2,9,1,3,2,1,6,1,0,0,1,0,0,0,0,0,0,0,0,0,0,0,0,0,0,0,6,2,7,4,3
202302,서울종로,3,3,0,0,0,0,0,3,0,0,0,0,0,1,1,0,1,0,0,0,0,0,0,0,0,0,0,0,0,0,0,0,0,0,0,0,0,1,0,2,0
202302,서울서초,25,14,3,8,0,0,3,18,4,0,0,3,6,0,1,2,13,3,0,0,1,0,0,0,0,0,1,0,0,0,0,0,0,0,0,0,1,3,5,10,1
202302,서울강서,58,26,17,15,0,0,4,54,0,0,3,17,10,1,11,6,10,2,1,3,3,0,3,1,0,0,0,1,1,2,1,2,2,2,2,8,4,6,5,7,2
202302,서울동작,24,15,5,4,0,0,1,22,1,0,5,4,0,5,2,4,4,1,0,1,0,0,0,0,0,0,0,0,0,0,1,1,1,1,3,0,2,2,3,5,3
202302,서울관악,20,12,3,5,0,0,5,13,2,0,3,2,1,2,8,3,1,1,0,1,0,0,0,0,0,0,0,0,0,0,0,1,2,2,7,0,0,2,1,1,2
202302,서울남대문,2,1,1,0,0,0,0,2,0,0,0,0,1,0,0,0,1,0,0,0,0,0,0,0,0,0,0,0,0,0,0,0,1,0,0,1,0,0,0,0,0
202302,서울성북,29,12,11,6,0,0,4,25,0,0,1,4,4,4,4,8,4,0,0,0,0,0,0,0,0,0,0,1,0,0,3,2,2,1,3,4,3,6,1,0,3
202302,서울구로,21,10,7,4,0,0,1,20,0,0,2,1,2,1,6,4,5,3,0,3,1,0,0,0,0,0,0,0,1,0,0,0,0,1,2,0,1,2,2,2,3
202302,서울양천,36,21,6,9,0,0,2,34,0,0,5,2,8,5,4,4,8,2,0,0,0,1,0,0,0,0,0,0,0,2,0,0,1,3,1,4,7,5,3,5,2
202302,서울혜화,2,1,1,0,0,0,0,2,0,0,0,0,1,1,0,0,0,0,0,0,0,0,0,0,0,0,0,0,0,0,0,0,0,0,0,0,2,0,0,0,0
202302,서울방배,2,1,1,0,0,0,0,2,0,0,1,0,0,1,0,0,0,0,0,0,0,0,0,0,0,0,0,0,0,0,0,0,0,0,0,0,0,1,0,1,0
202302,서울용산,4,2,0,2,0,0,0,3,1,0,0,0,1,2,0,1,0,2,0,1,0,0,0,0,0,0,0,0,0,0,0,0,0,0,0,0,1,0,0,0,0
202302,ETC,432,261,88,83,0,0,21,379,13,19,88,52,81,39,62,55,55,13,13,12,14,9,6,2,1,3,3,3,6,6,7,13,13,42,27,33,43,31,54,46,32
202303,서울양천,77,43,12,22,0,0,10,66,1,0,8,6,6,18,17,12,10,1,1,0,0,1,0,0,0,0,0,0,0,1,1,1,6,7,7,7,6,8,10,14,6
202303,서울도봉,67,41,12,14,0,0,8,59,0,0,8,5,9,8,22,13,2,1,2,1,2,0,0,0,0,0,0,0,0,0,1,0,6,7,2,5,4,4,17,11,4
202303,서울성북,60,28,17,15,0,0,2,57,0,1,2,8,10,8,8,15,9,0,0,2,0,0,0,1,0,0,0,2,0,0,1,1,5,8,11,6,6,3,8,3,3
202303,서울서부,67,31,10,26,0,0,5,59,3,0,5,5,7,12,13,11,14,0,0,3,1,2,0,2,1,0,1,0,0,1,0,3,3,6,11,5,7,6,5,4,6
202303,서울송파,117,50,18,49,0,0,13,104,0,0,10,9,15,16,19,23,25,10,1,2,2,0,0,0,0,0,2,0,0,0,1,4,5,11,5,7,5,14,16,19,13
202303,서울강남,23,12,4,7,0,0,0,21,1,1,5,1,0,3,4,3,7,0,2,6,0,0,0,0,0,0,1,0,0,2,0,0,2,2,1,0,1,0,4,2,0
202303,서울강동,101,53,23,25,0,0,1,98,2,0,10,8,14,29,12,13,15,1,1,3,1,1,0,0,1,0,1,0,0,2,0,2,5,11,23,7,13,8,12,8,1
202303,서울수서,59,27,12,20,0,0,4,54,1,0,6,3,4,10,12,6,18,4,1,2,1,0,0,0,1,0,0,0,0,0,2,1,1,7,5,2,4,3,7,13,5
202303,서울강북,98,47,25,26,0,1,11,79,6,1,9,8,15,22,13,17,14,1,7,0,0,2,2,0,1,0,0,0,0,0,0,2,7,12,13,13,10,10,9,3,6
202303,서울혜화,6,4,0,2,0,0,0,5,1,0,1,0,0,1,3,1,0,1,0,0,0,0,0,0,0,0,0,2,0,0,0,0,0,0,0,1,0,0,1,0,1
202303,서울중랑,65,37,16,12,0,0,5,57,3,0,8,7,9,5,21,8,7,3,0,0,1,2,0,4,0,0,0,1,1,0,0,1,3,3,5,4,9,10,12,3,3
202303,서울서대문,26,14,6,6,0,0,6,19,1,0,0,6,3,2,6,4,5,2,0,0,0,0,0,0,0,0,0,0,1,2,0,0,3,3,0,5,2,0,2,4,2
202303,서울강서,110,57,22,31,0,0,7,103,0,0,17,16,16,17,17,17,10,2,1,1,0,1,0,0,0,1,1,0,0,0,0,4,3,15,14,9,11,12,19,14,2
202303,서울마포,99,41,15,43,0,0,7,86,4,2,9,13,7,8,18,35,9,1,5,2,1,0,0,0,0,0,0,0,2,0,0,1,9,8,11,11,9,7,19,8,5
202303,서울광진,78,43,16,19,0,0,7,70,1,0,7,12,8,13,13,15,10,2,0,1,0,0,1,0,1,0,0,0,0,3,2,2,4,16,10,9,1,6,6,9,5
202303,서울동작,82,35,20,27,0,0,12,65,5,0,14,6,14,10,12,13,13,0,1,1,1,0,0,0,0,0,0,1,2,0,4,2,1,3,7,10,4,10,15,11,9
202303,서울노원,140,80,21,39,0,1,6,126,7,0,19,15,17,22,21,29,17,5,1,0,1,0,0,2,1,0,0,1,2,1,0,6,4,19,11,13,14,20,10,19,10
202303,서울중부,21,17,2,2,0,0,3,17,1,0,1,2,2,4,4,7,1,1,1,0,0,0,1,0,0,0,0,0,0,0,0,3,5,4,2,2,1,0,0,1,0
202303,서울동대문,35,18,6,11,0,0,1,33,1,0,3,6,5,4,3,10,4,2,0,1,0,1,0,0,0,0,1,0,0,0,1,1,6,5,0,5,4,3,1,4,0
202303,서울관악,71,41,16,14,0,0,9,59,3,0,8,8,12,7,11,13,12,5,4,1,1,1,0,0,0,0,0,0,0,0,0,1,5,8,7,7,5,8,4,10,4
202303,서울영등포,57,28,16,13,0,0,6,49,1,1,15,0,2,8,7,12,13,1,3,0,3,0,0,0,0,0,0,1,1,0,1,1,3,5,12,4,3,7,3,7,2
202303,서울청,2,1,1,0,0,0,0,2,0,0,0,0,0,0,0,0,2,0,0,0,0,0,0,0,0,0,0,0,0,0,0,0,0,0,0,1,0,0,1,0,0
202303,서울서초,35,16,9,10,0,1,3,26,5,0,6,6,3,2,8,6,4,2,2,2,1,2,0,0,0,0,0,0,0,0,0,0,3,2,1,1,1,3,7,6,2
202303,서울구로,57,34,12,11,0,0,4,53,0,0,6,5,10,10,13,5,8,2,2,2,1,0,0,0,0,0,0,0,2,1,0,1,6,8,4,2,3,11,7,3,2
202303,서울금천,15,8,4,3,0,0,1,13,1,0,1,3,1,2,0,5,3,0,1,1,0,0,0,0,0,0,0,0,0,0,0,0,2,2,0,0,1,4,1,1,2
202303,서울성동,32,11,6,15,0,0,1,28,3,0,5,1,7,8,6,3,2,0,1,0,0,0,1,0,0,0,0,0,0,0,0,1,1,8,3,2,0,2,6,7,0
202303,서울은평,61,30,13,18,0,0,3,58,0,0,12,11,5,7,10,8,8,1,1,1,1,0,0,0,1,0,0,0,0,0,0,1,7,4,6,2,1,6,11,12,6
202303,서울종암,56,29,7,20,0,0,4,49,3,0,1,5,5,12,6,22,5,1,0,0,0,1,0,0,0,0,0,0,0,2,0,0,5,6,10,4,3,8,5,9,2
202303,서울방배,12,7,0,5,0,0,2,9,1,0,3,0,1,2,1,3,2,0,0,0,2,0,1,0,0,0,0,0,0,0,0,0,3,0,1,0,0,1,0,2,2
202303,서울용산,9,6,3,0,0,0,0,9,0,0,0,1,4,1,0,3,0,0,0,0,0,0,1,0,0,0,0,0,0,0,0,0,0,1,0,0,1,3,1,1,1
202303,서울종로,4,4,0,0,0,0,0,4,0,0,0,1,0,0,2,0,1,2,0,0,0,0,0,0,0,0,0,0,0,0,0,0,0,0,1,0,1,0,0,0,0
202303,ETC,731,432,148,151,0,2,39,635,21,34,93,74,66,120,102,170,106,22,12,14,17,7,2,0,1,3,4,5,2,10,12,16,19,92,100,84,59,76,63,72,39
202304,서울동작,65,26,15,24,0,0,8,57,0,0,11,10,4,8,10,9,13,3,1,1,2,0,1,0,1,1,0,0,0,0,2,2,2,7,8,6,4,6,6,10,2
202304,서울강남,25,9,5,11,0,0,1,23,1,0,4,2,5,4,0,2,8,5,0,0,0,1,0,0,0,0,1,0,0,0,0,0,0,4,0,1,1,2,2,6,2
202304,서울도봉,87,52,16,19,0,0,6,81,0,0,25,10,5,8,7,12,20,4,3,2,0,1,0,0,0,1,1,0,0,2,2,0,2,5,5,10,13,11,12,7,6
202304,서울영등포,80,38,17,25,0,0,7,69,4,0,22,12,8,7,5,6,20,0,5,5,2,1,0,0,1,0,0,0,0,1,0,1,5,5,7,12,6,9,5,9,6
202304,서울서부,60,28,12,20,0,0,3,57,0,0,16,10,10,4,8,5,7,2,2,0,0,0,0,0,0,0,1,0,0,3,1,2,2,5,9,5,4,9,9,3,3
202304,서울강동,104,45,31,28,0,0,6,94,3,1,17,22,8,10,14,13,20,1,1,1,2,0,0,0,1,0,1,0,2,1,0,3,8,16,11,10,7,5,13,16,5
202304,서울서초,46,17,8,21,0,0,3,43,0,0,6,6,4,2,9,4,15,1,1,2,2,0,0,0,0,0,0,0,0,0,0,0,2,4,1,1,1,9,10,6,6
202304,서울광진,80,46,12,22,0,0,4,75,0,1,18,18,7,8,6,12,11,6,2,2,2,0,0,0,0,0,0,0,0,0,0,1,4,5,7,6,3,5,13,16,8
202304,서울종암,82,32,13,37,0,0,5,76,1,0,18,11,15,6,14,10,8,1,0,1,0,0,0,0,0,0,0,0,0,0,0,1,2,9,17,6,8,14,9,11,3
202304,서울강북,72,36,13,23,0,1,3,68,0,0,11,15,6,15,10,10,5,2,3,2,0,0,0,1,0,1,1,0,3,0,1,1,5,9,5,5,3,8,9,6,7
202304,서울마포,103,60,18,25,0,0,4,98,1,0,18,15,14,10,11,15,20,8,1,1,1,2,0,1,0,0,0,1,0,0,2,1,4,10,11,11,9,8,8,18,6
202304,서울수서,75,31,14,30,0,0,9,62,4,0,11,16,10,8,8,9,13,6,1,1,0,0,0,0,0,0,0,0,0,0,0,0,0,13,5,10,0,4,13,10,12
202304,서울노원,146,84,26,36,0,0,11,132,3,0,15,23,18,22,25,26,17,11,2,3,1,0,0,0,0,2,1,1,0,0,1,0,15,17,10,18,9,10,14,18,13
202304,서울서대문,44,24,12,8,0,0,2,42,0,0,7,5,11,5,4,4,8,3,0,2,0,0,0,0,0,0,0,0,0,1,0,3,1,2,5,2,4,2,4,8,7
202304,서울동대문,40,22,5,13,0,0,1,38,1,0,4,7,3,5,2,7,12,3,3,1,2,0,0,0,0,0,0,0,0,0,1,0,2,2,1,1,5,8,2,4,5
202304,서울금천,40,21,10,9,0,0,5,35,0,0,9,1,3,4,0,17,6,2,0,0,2,0,0,0,0,0,0,0,0,0,0,1,1,3,5,3,1,4,1,4,13
202304,서울송파,78,39,17,22,0,0,2,72,2,2,17,10,10,4,11,13,13,10,9,1,4,2,0,0,0,0,0,0,0,1,2,3,2,5,4,4,3,2,8,10,8
202304,서울청,3,1,1,1,0,0,0,3,0,0,1,0,0,0,0,1,1,1,0,0,0,0,0,0,0,0,0,0,0,0,0,1,0,0,0,0,0,0,0,1,0
202304,서울강서,158,73,47,38,0,0,11,144,3,0,18,22,21,19,25,30,23,9,8,0,0,1,0,0,0,0,0,1,0,3,1,6,6,21,14,12,15,8,17,26,10
202304,서울중랑,79,42,17,20,0,0,6,72,1,0,15,10,7,8,11,15,13,11,1,0,3,0,0,0,0,1,0,0,0,1,1,0,2,5,7,8,7,8,11,5,8
202304,서울관악,63,31,15,17,0,0,5,57,1,0,11,3,19,4,9,7,10,3,8,6,0,2,0,0,1,0,0,0,0,0,0,1,0,9,5,4,3,7,5,4,5
202304,서울성동,40,27,7,6,0,0,3,37,0,0,6,6,2,6,6,7,7,4,1,1,0,2,0,0,0,0,1,0,0,1,1,1,2,2,3,0,3,3,3,5,7
202304,서울중부,19,15,3,1,0,0,0,19,0,0,0,4,5,4,4,1,1,1,0,1,0,0,0,0,0,0,2,0,1,0,0,2,1,7,1,2,0,0,0,0,1
202304,서울혜화,3,1,1,1,0,0,1,2,0,0,0,2,0,0,1,0,0,1,0,0,0,0,0,0,0,0,0,0,0,0,0,0,0,0,0,0,0,0,2,0,0
202304,서울방배,30,16,7,7,0,0,3,27,0,0,9,3,2,4,5,2,5,2,4,2,0,0,1,0,0,0,0,0,0,0,0,0,0,1,0,3,1,3,3,3,7
202304,서울성북,47,29,10,8,0,0,1,46,0,0,2,7,7,7,8,8,8,1,0,1,2,0,0,0,0,0,0,1,1,1,0,0,2,4,5,6,6,2,5,9,1
202304,서울남대문,1,0,1,0,0,0,1,0,0,0,0,0,0,0,0,1,0,0,0,0,0,0,0,0,0,0,0,0,0,0,0,0,0,0,0,0,1,0,0,0,0
202304,서울종로,7,5,0,2,0,0,0,7,0,0,2,0,0,0,1,1,3,0,0,2,0,0,0,0,0,0,0,0,0,0,0,0,0,0,0,0,0,0,1,3,1
202304,서울양천,96,67,13,16,0,0,4,91,1,0,16,16,5,14,11,17,17,6,3,1,0,0,0,0,1,0,0,0,0,1,1,2,5,13,8,9,8,7,10,11,10
202304,서울용산,14,6,2,6,0,0,1,13,0,0,1,2,1,1,7,1,1,2,1,0,0,0,0,0,0,0,1,0,0,0,0,0,4,0,2,0,1,1,1,1,0
202304,서울구로,72,40,22,10,0,0,8,61,2,1,11,8,5,8,7,23,10,4,1,1,0,1,2,1,0,3,0,1,0,0,3,2,0,13,9,9,3,6,3,8,2
202304,서울은평,61,37,7,17,0,0,5,55,0,1,14,9,6,8,8,9,7,3,1,0,0,4,0,0,0,0,0,0,1,0,0,1,2,4,7,3,9,12,6,5,3
202304,ETC,810,412,186,212,0,0,22,717,31,40,129,126,75,89,104,133,154,38,31,17,11,6,2,2,2,5,2,5,0,11,9,17,31,57,100,77,69,83,102,77,56
202305,서울방배,23,10,5,8,0,0,1,22,0,0,4,3,2,2,7,2,3,3,0,0,1,1,0,0,0,0,0,0,0,0,1,1,0,1,0,0,0,1,3,6,5
202305,서울광진,89,53,19,17,0,0,5,82,2,0,10,11,11,18,12,12,15,1,2,3,2,1,0,0,0,0,0,0,1,0,0,2,4,10,7,6,10,8,13,15,4
202305,서울도봉,107,63,22,22,0,0,5,98,3,1,15,16,9,17,14,19,17,6,1,1,1,1,0,0,1,0,0,1,1,0,2,2,0,7,11,7,16,8,17,12,12
202305,서울송파,107,55,23,29,0,0,5,102,0,0,15,13,21,21,16,10,11,6,4,2,1,0,0,0,0,0,2,4,0,3,0,1,9,2,8,11,4,8,11,20,11
202305,서울강남,31,10,13,8,0,0,4,27,0,0,4,7,2,9,3,4,2,0,1,0,2,0,0,1,0,0,0,0,0,1,0,3,0,3,3,2,2,1,3,6,3
202305,서울서초,50,28,5,17,0,0,1,47,2,0,9,8,10,10,5,5,3,3,0,3,1,0,0,0,0,0,1,0,0,0,1,0,1,6,3,1,1,6,7,10,6
202305,서울종로,4,4,0,0,0,0,1,3,0,0,0,1,0,0,1,2,0,0,0,0,0,0,0,0,0,0,0,0,0,1,1,0,0,0,0,0,0,0,2,0,0
202305,서울종암,67,38,18,11,0,1,2,62,0,2,8,13,17,12,5,5,7,4,2,2,0,0,0,0,0,1,0,2,0,1,1,1,7,10,10,2,5,8,6,5,0
202305,서울서부,128,53,26,49,0,0,7,121,0,0,29,11,16,26,21,11,14,4,9,2,2,2,0,0,0,0,2,2,2,2,1,1,1,11,5,10,16,10,20,16,10
202305,서울동작,56,25,12,19,0,0,5,49,2,0,12,5,9,7,12,1,10,3,4,0,0,1,0,0,0,1,0,0,1,0,0,3,1,1,2,9,6,5,7,6,6
202305,서울강동,101,41,21,39,0,0,7,93,1,0,6,20,19,15,16,9,16,2,1,0,0,2,0,0,1,0,1,0,0,5,0,3,4,12,6,11,5,12,5,19,12
202305,서울금천,29,15,8,6,0,0,6,23,0,0,4,2,5,3,4,4,7,5,2,0,4,1,0,0,0,0,0,0,0,0,0,2,0,1,3,1,3,3,4,0,0
202305,서울성북,75,38,19,18,0,0,5,67,2,1,10,7,14,13,14,12,5,2,2,3,0,0,0,0,0,0,0,0,0,0,1,2,2,6,10,8,2,11,7,14,5
202305,서울강서,130,62,27,41,0,0,6,123,1,0,11,24,24,23,18,17,13,5,3,4,7,0,0,1,2,0,1,2,2,0,1,4,4,12,7,11,10,10,19,15,10
202305,서울은평,103,49,12,42,0,0,7,95,1,0,13,16,14,19,15,17,9,3,5,2,3,1,0,0,0,2,0,0,0,1,4,1,6,2,6,13,8,9,18,14,5
202305,서울관악,52,20,16,16,0,0,4,47,1,0,5,11,5,13,9,3,6,2,4,1,2,2,1,1,0,0,0,0,0,0,0,1,1,3,3,4,4,9,6,5,3
202305,서울강북,64,38,11,15,0,0,5,55,2,2,8,12,9,11,6,5,13,4,3,2,3,2,3,0,0,0,1,0,0,0,0,2,0,7,3,7,1,10,4,6,6
202305,서울중부,25,17,3,5,0,0,0,24,1,0,1,2,5,5,5,6,1,0,0,0,0,0,1,0,0,0,0,1,0,0,5,1,3,5,2,1,0,1,2,2,1
202305,서울동대문,33,19,7,7,0,0,6,27,0,0,0,6,6,5,6,4,6,4,1,0,1,2,0,0,0,1,1,0,0,1,0,0,2,1,2,4,3,1,4,4,1
202305,서울마포,79,40,11,28,0,0,3,73,1,2,8,13,19,7,9,14,9,3,0,2,0,0,0,2,0,0,0,0,0,1,0,2,6,3,6,21,8,6,10,4,5
202305,서울수서,82,47,15,20,0,0,3,75,3,1,12,5,18,12,14,7,14,5,1,2,1,0,0,0,0,1,0,2,0,1,2,1,5,9,3,0,6,4,12,20,7
202305,서울노원,155,97,17,41,0,0,6,146,3,0,19,37,18,24,22,13,22,6,10,1,2,0,0,0,0,2,0,0,0,1,1,1,7,14,13,12,16,17,9,30,13
202305,서울성동,37,17,8,12,0,0,1,36,0,0,2,5,11,7,7,4,1,1,0,1,0,0,0,0,1,0,0,0,0,0,0,0,2,7,4,6,6,0,3,4,2
202305,서울구로,120,53,37,30,0,0,7,112,1,0,10,20,17,26,20,14,13,4,5,1,3,1,1,0,0,0,0,1,1,0,2,1,6,9,18,12,9,10,7,22,7
202305,서울서대문,55,23,21,11,0,0,3,49,3,0,4,13,9,9,11,4,5,2,4,2,0,0,0,0,0,2,1,0,0,0,0,4,2,6,3,4,3,9,5,3,5
202305,서울중랑,73,32,22,19,0,0,3,69,1,0,11,7,12,12,10,8,13,2,1,1,1,0,1,0,0,0,0,0,1,5,0,0,7,6,4,3,9,8,9,6,9
202305,서울혜화,5,3,1,1,0,0,0,5,0,0,0,0,0,1,1,1,2,0,0,1,0,0,0,0,0,0,0,0,0,1,0,0,0,0,0,0,0,2,1,0,0
202305,서울용산,12,8,2,2,0,0,2,10,0,0,0,2,2,0,2,4,2,3,1,1,0,0,0,0,0,0,0,0,0,0,0,0,1,0,1,1,0,2,1,1,0
202305,서울영등포,90,45,21,24,0,0,16,73,1,0,16,11,16,11,9,19,8,3,2,1,4,2,2,0,0,0,1,0,0,0,1,0,2,2,9,8,10,8,13,14,8
202305,서울양천,131,89,14,28,0,0,9,120,2,0,14,20,21,17,24,21,14,5,2,0,1,0,0,0,0,1,0,1,0,5,0,3,2,16,4,11,8,13,15,23,21
202305,ETC,893,473,190,230,0,0,37,796,28,32,99,124,136,163,117,143,111,48,27,20,19,9,4,4,4,4,6,3,5,12,2,13,24,58,70,85,82,87,99,114,94
202306,서울동대문,31,12,11,8,0,0,4,26,1,0,2,5,4,4,5,8,3,2,2,1,1,1,1,0,1,0,0,0,0,0,0,1,4,2,0,3,2,5,1,4,0
202306,서울강서,153,87,33,33,0,0,7,145,0,1,17,21,16,23,21,36,19,16,3,2,2,4,0,0,2,0,0,0,0,1,2,0,6,13,18,6,5,7,28,25,13
202306,서울강남,34,23,6,5,0,0,4,30,0,0,5,3,7,4,6,5,4,1,0,2,1,0,0,2,2,0,0,0,0,1,0,0,0,2,1,3,1,0,2,10,6
202306,서울중부,16,11,3,2,0,0,1,14,1,0,1,1,2,1,4,6,1,0,1,0,0,0,0,0,0,0,1,0,1,0,0,2,3,4,0,1,0,0,1,2,0
202306,서울강동,166,100,33,33,0,1,10,149,4,2,26,32,17,26,13,24,28,8,6,2,0,0,0,0,0,0,0,0,0,0,1,5,6,11,14,16,18,30,19,19,11
202306,서울노원,179,88,35,56,0,0,6,172,1,0,14,14,19,35,30,37,30,16,7,5,4,2,1,0,0,1,1,0,1,1,1,0,5,16,16,12,10,12,22,28,18
202306,서울은평,94,49,16,29,0,0,4,90,0,0,6,12,16,18,15,18,9,2,1,5,2,0,0,0,0,0,0,0,0,0,0,1,2,9,8,10,8,12,13,16,5
202306,서울강북,87,45,20,22,0,0,8,75,4,0,12,7,4,15,16,15,18,8,6,4,1,1,0,0,1,0,0,0,0,2,1,2,0,8,7,6,5,8,8,10,9
202306,서울동작,40,20,5,15,0,0,2,37,1,0,9,3,3,5,8,5,7,0,5,2,2,1,0,0,0,0,0,0,0,0,0,0,2,2,2,0,2,1,4,11,6
202306,서울마포,120,64,22,34,0,0,5,112,2,1,18,7,8,23,20,28,16,11,1,5,2,0,0,0,1,0,0,0,3,0,0,1,2,9,5,10,15,10,21,17,7
202306,서울서대문,44,24,9,11,0,0,2,42,0,0,4,7,14,4,7,4,4,1,2,2,0,1,1,1,0,0,0,0,0,0,0,0,0,2,8,4,5,2,5,6,4
202306,서울수서,137,68,34,35,0,0,10,124,3,0,16,14,16,21,21,27,22,19,6,1,2,2,1,0,0,0,0,2,0,0,2,1,5,8,7,6,8,8,11,33,15
202306,서울도봉,107,58,19,30,0,0,5,98,4,0,12,14,21,13,11,14,22,9,7,12,3,0,1,0,1,0,0,0,1,1,1,3,1,4,10,3,6,9,11,16,8
202306,서울방배,20,11,4,5,0,0,3,16,1,0,7,1,1,3,5,2,1,4,1,1,1,0,0,0,0,0,0,0,0,0,0,0,0,2,2,1,1,0,2,2,3
202306,서울영등포,109,41,30,38,0,0,16,90,2,1,19,16,18,8,14,11,23,11,6,3,1,3,2,0,1,0,0,0,2,0,1,2,0,4,1,5,11,11,21,13,11
202306,서울관악,53,31,12,10,0,0,3,48,2,0,5,5,9,14,9,6,5,4,1,3,1,0,2,0,0,0,0,0,0,0,0,2,1,9,0,2,6,5,6,9,2
202306,서울금천,45,24,12,9,0,0,3,41,1,0,6,3,6,4,6,12,8,4,5,2,2,1,4,0,0,0,0,0,0,0,0,0,1,4,0,3,2,5,4,2,6
202306,서울송파,115,55,29,31,0,0,6,104,4,1,17,23,12,12,12,22,17,10,6,3,3,1,0,0,0,0,0,0,0,0,1,0,4,10,9,14,6,5,15,15,13
202306,서울종로,17,14,2,1,0,0,2,13,2,0,1,3,0,5,0,5,3,3,0,0,0,0,0,0,0,0,0,0,2,0,0,0,1,4,1,0,0,1,2,2,1
202306,서울성동,47,25,13,9,0,0,3,44,0,0,9,4,4,14,1,10,5,2,2,3,3,0,0,0,0,0,0,0,0,0,1,0,0,2,2,3,3,12,8,4,2
202306,서울광진,130,56,27,47,0,0,10,115,2,3,13,19,21,25,6,25,21,7,8,1,2,0,0,0,2,0,0,0,2,2,4,0,8,5,11,10,14,13,12,21,8
202306,서울서초,52,31,12,9,0,0,3,48,1,0,10,7,2,13,5,11,4,3,3,0,1,0,3,0,0,0,0,0,0,1,0,0,5,6,1,1,1,1,6,18,2
202306,서울서부,106,46,19,41,0,0,7,96,1,2,14,12,19,22,14,8,17,5,4,3,6,2,4,0,1,3,0,0,0,0,1,4,1,8,1,6,6,8,16,18,9
202306,서울중랑,59,18,31,10,0,0,4,54,1,0,2,8,5,9,9,17,9,4,3,2,2,0,0,0,0,3,0,0,0,0,0,0,1,3,3,4,2,5,6,8,13
202306,서울성북,80,35,20,25,0,0,5,73,1,1,16,7,10,12,10,19,6,2,1,2,0,2,0,0,1,0,0,0,0,1,0,0,2,12,5,7,5,11,9,12,8
202306,서울혜화,8,3,2,3,0,0,0,7,1,0,3,0,2,0,0,3,0,0,0,0,0,0,0,0,0,0,0,0,1,1,0,0,1,1,0,2,0,0,2,0,0
202306,서울양천,117,53,28,36,0,0,3,110,2,2,11,14,15,16,16,24,21,10,4,4,3,0,0,0,0,2,1,0,1,1,2,3,3,7,7,3,4,9,13,19,21
202306,서울남대문,4,0,4,0,0,0,0,3,1,0,2,0,2,0,0,0,0,0,0,1,1,0,0,0,0,0,0,0,0,0,0,0,0,0,0,0,2,0,0,0,0
202306,서울용산,10,5,1,4,0,0,2,8,0,0,0,1,2,0,4,2,1,1,0,0,0,0,0,0,0,0,0,0,0,1,0,0,0,1,0,0,0,1,3,3,0
202306,서울구로,89,41,21,27,0,0,1,85,3,0,13,14,6,10,14,18,14,5,4,2,3,4,1,1,0,0,0,0,0,0,0,0,3,12,12,12,6,7,5,7,5
202306,서울종암,48,15,5,28,0,0,3,44,1,0,10,4,2,2,13,7,10,2,3,1,0,0,2,0,0,0,1,0,0,1,0,1,1,5,1,1,3,1,8,12,5
202306,ETC,984,523,187,274,0,0,56,874,23,31,137,109,107,131,145,178,177,73,65,25,21,14,2,1,3,7,1,2,3,7,3,19,24,56,79,74,89,75,101,130,110
202307,서울서부,93,34,11,48,0,0,5,87,0,1,17,18,10,17,16,9,6,5,0,2,0,2,0,0,1,0,1,0,0,3,0,2,4,5,6,10,9,6,11,19,7
202307,서울수서,58,36,8,14,0,0,5,52,1,0,8,5,9,8,4,8,16,4,1,0,1,2,0,1,0,0,2,1,0,0,1,0,2,5,1,3,1,5,8,7,13
202307,서울중랑,43,22,12,9,0,0,3,38,2,0,8,10,1,7,3,5,9,4,4,3,5,2,0,0,0,0,0,1,2,0,2,0,0,0,1,2,0,4,1,7,5
202307,서울서대문,35,19,4,12,0,0,1,34,0,0,3,5,6,6,6,3,6,2,3,0,1,1,0,2,1,0,1,0,0,1,0,1,0,8,3,0,2,0,3,3,3
202307,서울광진,64,38,9,17,0,0,4,58,1,1,8,8,9,7,14,8,10,4,2,2,2,2,0,0,1,0,0,0,0,0,2,1,0,2,8,7,6,6,4,7,8
202307,서울영등포,45,19,15,11,0,0,7,37,1,0,7,5,3,4,9,9,8,2,4,2,1,1,1,0,0,0,0,2,3,0,1,0,0,1,1,3,6,4,2,7,4
202307,서울서초,24,14,8,2,0,0,2,22,0,0,5,1,1,8,5,0,4,3,1,1,0,0,0,0,0,0,0,1,0,1,0,0,0,1,4,1,4,0,2,3,2
202307,서울용산,10,3,3,4,0,0,0,10,0,0,2,0,1,2,1,1,3,2,1,0,0,0,0,0,0,0,0,0,0,1,1,0,1,0,0,0,0,2,1,1,0
202307,서울송파,103,58,23,22,0,0,7,95,0,1,16,13,13,14,13,10,24,6,9,3,3,2,1,0,0,0,0,1,0,0,1,2,5,7,3,7,6,9,6,21,11
202307,서울금천,64,33,17,14,0,0,8,56,0,0,9,9,10,8,9,7,12,12,4,2,3,6,0,0,0,0,0,0,0,0,0,1,0,3,1,8,7,2,4,5,6
202307,서울강남,31,13,8,10,0,0,0,29,2,0,10,3,2,4,4,3,5,4,0,0,2,0,0,0,0,0,0,0,1,1,1,0,0,0,1,3,3,3,7,3,2
202307,서울도봉,79,51,8,20,0,0,5,73,1,0,13,11,7,16,10,9,13,9,8,6,3,2,4,0,0,4,0,0,0,0,0,1,2,1,1,2,6,3,8,9,10
202307,서울은평,75,34,7,34,0,0,6,69,0,0,9,18,4,15,11,8,10,3,2,3,1,2,0,1,0,0,0,2,1,1,0,2,4,2,2,5,13,5,10,8,8
202307,서울양천,111,67,15,29,0,0,6,105,0,0,20,18,4,17,11,21,20,13,5,3,1,0,0,0,0,0,2,1,0,0,2,3,4,7,3,2,5,6,11,31,12
202307,서울강동,134,80,24,30,0,0,5,127,2,0,25,21,6,13,12,18,39,9,1,6,0,2,1,1,0,0,1,0,2,3,1,1,5,7,8,10,15,17,15,15,14
202307,서울동대문,29,13,2,14,0,0,1,28,0,0,3,1,7,5,5,0,8,2,1,3,0,0,0,0,1,1,2,0,0,0,1,0,0,2,2,0,0,1,3,5,5
202307,서울성동,39,21,7,11,0,0,4,35,0,0,11,5,5,5,6,3,4,5,1,0,1,1,0,3,0,0,0,1,0,0,2,1,1,1,5,7,0,0,1,8,1
202307,서울강북,55,26,11,18,0,0,7,48,0,0,9,8,13,5,5,4,11,4,2,0,1,2,1,1,1,2,0,0,3,0,1,0,0,4,2,0,5,6,6,9,5
202307,서울동작,62,30,10,22,0,0,6,56,0,0,7,8,15,5,9,10,8,5,5,1,0,1,0,0,4,1,1,0,0,0,2,0,2,1,2,6,10,3,7,7,4
202307,서울마포,109,64,10,35,0,0,6,100,2,1,23,14,7,24,12,14,15,4,2,7,2,1,1,1,1,0,0,1,0,0,0,2,3,12,10,9,11,20,6,10,6
202307,서울강서,87,46,18,23,0,0,10,74,2,1,9,12,15,10,8,12,21,6,6,1,5,2,0,0,2,2,1,1,1,2,0,1,4,6,6,2,5,3,10,12,9
202307,서울관악,49,23,15,11,0,0,6,42,1,0,7,9,4,10,3,7,9,3,3,3,3,3,1,0,0,2,0,0,0,0,0,0,0,2,6,4,3,7,3,4,2
202307,서울종암,33,16,8,9,0,0,3,29,1,0,9,1,4,7,3,2,7,3,0,0,2,0,0,0,0,0,0,0,1,0,1,0,2,4,1,1,2,4,6,4,2
202307,서울방배,14,10,4,0,0,0,1,13,0,0,1,3,1,5,2,2,0,0,1,1,0,0,0,0,0,1,0,0,0,1,1,0,1,0,0,0,0,2,1,4,1
202307,서울혜화,6,3,1,2,0,0,0,6,0,0,2,0,0,2,0,1,1,0,0,0,0,0,0,0,0,0,0,0,0,0,0,0,0,0,2,2,1,0,0,0,1
202307,서울중부,8,5,2,1,0,0,1,7,0,0,1,1,0,1,2,2,1,1,0,0,1,0,0,1,0,0,0,1,0,1,0,0,0,0,0,1,1,0,1,0,0
202307,서울노원,115,75,20,20,0,1,8,103,3,0,22,17,9,16,25,14,12,9,1,6,7,0,2,0,0,1,0,0,1,2,2,3,1,5,4,7,9,5,12,31,7
202307,서울구로,49,32,6,11,0,0,1,47,0,1,6,5,6,3,5,14,10,2,7,1,1,0,0,0,0,0,0,0,1,1,0,0,0,2,4,3,8,3,3,7,6
202307,서울종로,5,2,2,1,0,0,0,5,0,0,1,0,1,0,2,0,1,0,0,0,0,0,0,0,0,0,0,0,0,0,0,0,0,2,0,0,1,1,1,0,0
202307,서울청,1,0,0,1,0,0,0,1,0,0,0,0,0,0,0,0,1,0,0,0,0,0,0,0,0,0,0,0,0,0,0,0,0,0,0,1,0,0,0,0,0
202307,서울성북,76,29,24,23,0,0,2,72,2,0,13,11,3,12,8,15,14,1,4,3,2,5,1,0,0,2,1,0,0,0,1,0,0,4,8,8,3,3,6,19,5
202307,서울남대문,1,1,0,0,0,0,0,1,0,0,0,0,0,0,0,1,0,0,0,0,0,0,0,0,0,0,0,0,0,0,0,0,0,0,1,0,0,0,0,0,0
202307,ETC,670,395,150,125,0,0,31,580,18,41,130,90,68,90,79,92,121,49,41,28,34,10,5,5,2,6,1,3,3,5,1,10,35,37,40,34,40,46,68,112,55
202308,서울강북,57,26,11,20,0,0,7,49,1,0,7,9,3,16,7,6,9,3,1,2,3,3,3,2,1,0,3,0,0,0,1,1,4,4,0,1,0,2,6,11,6
202308,서울동대문,37,23,5,9,0,0,3,34,0,0,5,3,5,8,4,7,5,3,2,2,1,0,0,0,0,0,0,0,0,1,0,0,1,4,1,3,0,4,5,3,7
202308,서울금천,71,37,24,10,0,0,1,67,3,0,9,10,11,11,6,10,14,4,3,6,3,15,2,0,0,4,1,0,0,0,2,2,2,0,3,5,5,5,0,8,1
202308,서울도봉,87,46,15,26,0,0,8,75,3,1,7,6,13,17,19,12,13,9,6,1,3,1,0,0,0,1,0,0,0,1,5,1,0,4,3,3,2,2,14,8,23
202308,서울서부,73,35,13,25,0,0,1,72,0,0,6,15,16,5,11,11,9,4,0,3,5,5,1,0,0,1,0,0,0,0,0,0,1,4,3,1,1,4,14,15,11
202308,서울영등포,47,27,5,15,0,0,4,43,0,0,15,5,6,6,4,3,8,2,0,0,0,0,0,1,1,1,1,0,1,0,0,0,0,0,6,7,3,3,9,10,2
202308,서울광진,68,49,9,10,0,0,4,64,0,0,6,5,16,10,11,10,10,5,0,5,1,0,1,0,0,0,1,0,2,0,1,2,3,6,3,2,5,5,6,13,7
202308,서울노원,95,57,19,19,0,0,1,92,2,0,11,9,16,19,15,13,12,2,7,1,2,2,1,0,0,0,0,0,1,1,2,0,7,9,6,7,4,7,12,18,6
202308,서울수서,57,32,11,14,0,0,4,53,0,0,5,7,6,6,14,9,10,4,4,0,0,0,1,0,0,1,0,0,0,1,1,0,2,4,3,2,4,3,3,15,9
202308,서울방배,13,6,1,6,0,0,0,13,0,0,0,2,1,5,0,2,3,0,2,1,0,0,0,0,1,0,0,0,0,0,0,0,0,0,0,0,0,3,3,1,2
202308,서울관악,42,22,10,10,0,0,7,34,1,0,9,0,3,7,2,11,10,5,2,2,3,1,1,3,0,0,1,0,1,0,0,0,3,5,1,0,4,0,3,2,5
202308,서울중부,13,8,1,4,0,0,0,13,0,0,1,0,1,5,4,2,0,1,0,0,1,0,0,0,0,0,0,0,0,0,0,0,3,3,1,0,0,1,3,0,0
202308,서울강남,40,18,10,12,0,0,2,37,0,1,8,6,5,3,2,7,9,1,5,0,0,0,2,0,1,0,0,1,0,0,0,0,0,1,4,0,2,4,5,7,7
202308,서울성동,28,16,7,5,0,0,2,26,0,0,6,2,4,9,5,1,1,2,3,0,0,0,1,0,1,0,1,0,0,0,0,0,0,2,0,3,0,0,5,6,4
202308,서울강동,85,38,19,28,0,0,9,70,4,2,18,10,6,19,8,6,18,4,5,3,0,0,0,0,0,0,0,0,1,1,0,1,4,15,2,13,11,5,5,8,7
202308,서울동작,62,22,18,22,0,0,7,55,0,0,13,5,8,7,9,7,13,6,0,0,0,0,0,3,0,0,0,0,0,0,0,1,5,4,5,7,4,13,5,8,1
202308,서울마포,78,38,14,26,0,0,2,74,2,0,10,6,20,7,7,12,16,6,0,1,1,1,3,0,1,0,0,0,0,0,1,1,1,5,2,10,5,10,9,13,8
202308,서울송파,92,47,24,21,0,0,13,78,1,0,16,7,14,13,14,10,18,8,2,2,5,3,2,1,0,0,0,0,0,0,2,4,2,5,4,3,2,9,12,14,12
202308,서울서초,27,16,3,8,0,0,1,24,1,1,8,5,1,2,9,1,1,1,1,2,0,0,0,0,0,0,0,2,0,1,0,0,1,6,1,2,3,2,1,3,1
202308,서울구로,50,30,8,12,0,0,3,45,2,0,7,9,6,5,4,9,10,6,1,1,4,1,1,0,0,0,0,0,0,0,0,1,1,4,3,3,2,1,6,9,6
202308,서울은평,63,36,5,22,0,0,2,59,2,0,9,8,8,14,11,7,6,6,3,1,6,2,2,0,0,0,0,0,0,0,2,0,3,4,4,0,4,3,4,9,10
202308,서울서대문,36,13,10,13,0,0,2,34,0,0,4,4,6,3,3,7,9,2,3,0,0,2,2,1,0,0,0,0,1,0,1,0,1,3,3,2,4,2,2,5,2
202308,서울강서,75,34,11,30,0,0,6,68,0,1,6,10,10,10,16,15,8,1,7,1,2,1,2,1,2,1,0,0,0,0,0,0,5,4,8,4,6,8,6,7,9
202308,서울중랑,59,35,10,14,0,0,0,56,2,1,3,11,7,10,16,4,8,4,5,2,2,2,0,0,0,0,0,0,0,2,1,0,0,5,2,3,3,4,12,7,5
202308,서울용산,10,6,1,3,0,0,1,9,0,0,0,0,1,4,0,3,2,0,2,0,0,0,0,0,0,0,0,0,0,0,0,0,2,0,2,1,0,1,0,2,0
202308,서울종암,31,15,12,4,0,0,0,31,0,0,6,2,1,3,10,2,7,3,0,2,1,0,0,1,0,0,0,0,1,0,0,0,0,1,1,1,3,3,5,2,7
202308,서울양천,105,53,12,40,0,0,4,97,3,1,10,19,12,13,25,14,12,11,7,4,3,0,1,2,0,0,0,0,0,0,0,1,5,11,4,8,5,8,5,23,7
202308,서울혜화,4,0,2,2,0,0,0,4,0,0,0,0,0,1,0,2,1,2,0,0,0,0,0,0,0,0,0,0,0,0,0,0,0,0,1,0,1,0,0,0,0
202308,서울성북,37,16,8,13,0,0,4,32,0,1,3,5,9,4,4,6,6,1,2,0,0,1,0,0,0,0,0,0,1,1,0,0,3,4,2,3,3,6,4,4,2
202308,서울종로,6,4,1,1,0,0,1,5,0,0,0,1,0,0,5,0,0,0,0,0,0,0,0,0,0,0,0,0,0,0,0,0,0,0,0,1,2,3,0,0,0
202308,서울남대문,1,1,0,0,0,0,0,1,0,0,1,0,0,0,0,0,0,0,0,0,0,0,0,0,0,0,0,0,0,0,0,0,0,0,0,0,1,0,0,0,0
202308,ETC,666,384,157,125,0,0,25,582,29,30,81,81,79,105,121,88,111,45,50,28,18,24,11,3,5,8,0,1,1,1,6,10,18,33,36,44,35,68,75,77,69
202309,서울서부,108,40,34,34,0,0,9,97,1,1,12,13,12,15,15,22,19,9,1,5,11,3,2,3,0,0,0,0,1,1,1,0,1,2,5,8,8,6,11,20,10
202309,서울수서,79,30,21,28,0,0,7,70,1,1,7,13,16,9,9,17,8,2,2,1,5,1,0,0,0,0,0,0,1,0,2,1,1,13,4,3,2,6,5,13,17
202309,서울강북,78,34,16,28,0,0,4,71,3,0,7,9,6,8,15,21,12,9,0,4,1,2,0,2,0,0,0,0,0,1,0,0,0,7,7,5,8,11,8,9,4
202309,서울구로,86,53,10,23,0,0,8,72,3,3,12,13,7,11,2,23,18,1,3,1,3,1,0,0,0,1,0,0,1,1,0,0,3,9,4,10,10,13,12,8,5
202309,서울도봉,100,59,20,21,0,0,9,87,2,2,15,11,13,12,6,22,21,2,3,12,1,2,2,2,0,0,0,0,0,2,0,1,1,4,5,5,5,10,18,14,11
202309,서울광진,73,34,22,17,0,0,4,68,1,0,10,9,4,7,11,22,10,2,1,4,1,0,0,1,1,0,0,1,0,0,2,1,4,8,5,6,3,6,7,14,6
202309,서울금천,52,22,16,14,0,0,5,46,1,0,10,8,10,4,3,6,11,0,5,3,5,2,0,0,1,0,1,1,0,0,1,0,1,3,4,0,3,5,5,9,3
202309,서울동작,88,45,9,34,0,0,7,79,2,0,9,11,9,8,11,22,18,4,1,0,4,2,1,0,1,0,3,0,1,0,0,2,3,11,6,8,10,7,5,12,7
202309,서울강동,93,46,12,35,0,0,7,85,1,0,12,10,5,19,14,13,20,5,6,2,1,0,0,0,3,1,0,0,1,2,5,9,6,4,5,4,5,9,9,8,8
202309,서울송파,111,49,31,31,0,0,5,103,1,2,19,13,9,8,21,17,24,6,8,0,3,0,0,1,2,0,0,0,0,0,1,2,9,9,6,4,6,6,13,16,19
202309,서울서초,63,36,10,17,0,0,4,57,2,0,18,10,1,7,8,6,13,7,3,3,0,0,0,0,0,0,0,0,0,0,0,1,1,1,4,3,2,1,7,13,17
202309,서울강남,51,21,9,21,0,0,0,49,2,0,10,8,5,12,3,6,7,2,0,0,0,0,0,0,0,0,0,0,0,0,0,0,4,4,3,6,13,2,4,8,5
202309,서울동대문,42,29,6,7,0,0,1,41,0,0,5,5,3,3,6,11,9,0,3,3,2,2,1,0,0,0,0,1,0,0,2,1,1,7,1,2,1,3,5,6,1
202309,서울노원,148,88,24,36,0,0,9,136,3,0,26,13,15,16,27,33,18,15,6,4,3,2,0,0,0,1,0,0,0,1,0,2,9,16,8,8,15,8,15,21,14
202309,서울혜화,3,0,2,1,0,0,0,3,0,0,1,0,0,0,0,2,0,0,0,0,0,0,0,0,0,0,0,0,0,1,0,0,0,0,0,0,0,0,2,0,0
202309,서울중랑,99,46,18,35,0,0,6,92,1,0,16,11,13,10,10,18,21,8,9,1,2,2,0,1,0,0,0,0,1,0,1,1,3,9,3,6,6,11,11,13,11
202309,서울성동,28,20,2,6,0,0,2,26,0,0,2,2,1,8,5,4,6,4,0,0,0,0,0,0,0,0,0,0,1,0,0,0,0,4,1,1,2,4,2,5,4
202309,서울영등포,57,29,11,17,0,0,1,55,0,1,5,10,4,9,12,6,11,4,1,1,1,0,1,1,0,0,0,0,0,0,0,0,3,2,6,4,6,4,3,14,6
202309,서울마포,76,42,15,19,0,0,8,68,0,0,13,8,9,4,14,11,17,3,3,0,0,0,1,1,0,0,0,0,0,2,0,4,2,5,4,7,6,10,8,15,5
202309,서울서대문,58,30,15,13,0,0,6,50,1,1,9,12,6,10,4,7,10,4,7,0,0,2,0,0,1,0,2,0,1,0,1,2,2,6,2,5,0,1,6,10,6
202309,서울종암,55,22,12,21,0,0,6,47,2,0,9,5,11,7,7,9,7,6,2,2,2,0,0,0,0,1,0,0,0,0,0,0,0,3,2,3,4,10,7,8,5
202309,서울강서,139,60,33,46,0,0,6,130,1,2,31,9,16,18,18,24,23,8,3,3,2,1,0,0,2,0,0,0,0,1,1,5,4,6,9,6,10,15,15,26,22
202309,서울중부,10,7,1,2,0,0,0,10,0,0,0,1,3,1,1,3,1,0,0,0,0,0,0,0,0,0,0,0,0,0,0,2,2,1,1,0,0,0,0,2,2
202309,서울방배,23,11,5,7,0,0,2,20,0,1,3,3,3,2,2,1,9,2,2,0,0,0,0,0,0,0,0,0,0,0,0,1,0,1,1,0,1,1,4,7,3
202309,서울관악,65,26,24,15,0,0,6,58,1,0,15,9,10,5,2,12,12,2,2,3,0,3,3,1,0,1,0,0,2,0,0,2,1,4,2,1,4,4,6,13,11
202309,서울은평,84,35,20,29,0,0,4,80,0,0,10,14,7,7,4,15,27,3,7,0,4,3,0,1,1,1,2,0,0,1,0,1,2,7,5,4,5,5,4,12,16
202309,서울종로,10,5,3,2,0,0,0,10,0,0,0,1,0,3,2,3,1,0,0,0,0,0,0,0,0,0,0,0,0,0,0,0,2,0,0,1,0,1,5,1,0
202309,서울용산,8,7,1,0,0,0,1,7,0,0,1,0,0,0,2,3,2,0,0,0,0,0,0,0,0,0,0,0,0,0,0,0,0,0,1,0,0,1,3,0,3
202309,서울남대문,3,3,0,0,0,0,0,3,0,0,0,3,0,0,0,0,0,0,1,0,0,0,0,0,0,0,0,0,0,0,0,0,1,0,0,0,1,0,0,0,0
202309,서울양천,93,59,14,20,0,0,8,82,2,1,12,14,15,9,9,19,15,6,2,1,2,0,1,0,0,2,0,0,0,0,0,1,2,13,6,5,2,9,16,17,8
202309,서울성북,38,18,11,9,0,0,2,35,1,0,6,3,4,2,6,13,4,2,0,1,0,0,0,0,0,0,0,0,0,0,0,0,3,3,1,1,0,3,11,8,5
202309,ETC,869,489,199,181,0,0,34,758,36,41,129,117,83,112,101,145,182,75,51,26,26,7,3,9,3,11,1,3,6,7,7,4,26,70,56,54,41,72,93,119,99
202310,서울도봉,110,46,31,33,0,0,5,105,0,0,21,23,13,7,12,14,20,8,5,2,0,2,2,0,0,1,1,0,1,1,1,3,7,6,7,7,6,10,15,14,11
202310,서울방배,16,4,4,8,0,0,1,15,0,0,7,0,1,0,0,0,8,1,0,1,0,0,0,0,0,0,0,0,0,0,0,0,0,4,2,0,2,2,2,0,2
202310,서울중부,13,8,2,3,0,0,2,11,0,0,2,2,1,4,0,4,0,2,1,3,0,0,0,0,1,0,0,0,0,0,1,0,0,2,0,0,0,2,1,0,0
202310,서울성동,29,15,9,5,0,0,2,26,0,1,7,3,1,5,6,4,3,2,2,0,1,0,0,1,0,0,0,1,0,0,1,0,2,3,2,1,0,2,6,0,5
202310,서울서대문,50,25,13,12,0,0,2,48,0,0,9,8,11,4,7,6,5,2,4,2,0,0,0,1,0,0,1,1,0,0,0,0,2,4,3,1,3,4,6,9,7
202310,서울동작,134,79,24,31,0,1,10,121,2,0,17,31,20,13,19,14,20,3,4,3,4,0,0,0,0,0,1,0,0,0,0,2,2,13,13,15,16,18,15,12,13
202310,서울수서,109,56,18,35,0,0,7,101,1,0,13,18,21,10,21,14,12,6,2,1,1,0,0,0,2,0,0,0,0,1,0,2,1,5,5,6,14,9,10,27,17
202310,서울강북,86,39,14,33,0,0,8,76,2,0,21,11,12,11,7,11,13,3,4,3,3,0,0,0,0,0,4,3,3,0,1,1,5,4,7,4,7,11,10,5,8
202310,서울금천,57,31,18,8,0,0,4,52,1,0,11,14,1,4,5,11,11,2,5,1,3,2,1,0,0,0,0,0,0,2,0,1,3,2,4,1,3,2,7,9,9
202310,서울강서,129,70,26,33,0,0,10,115,1,3,32,26,21,13,5,17,15,10,7,3,4,0,1,0,0,2,0,0,2,1,6,1,9,9,4,2,10,20,15,12,11
202310,서울서부,95,36,16,43,0,0,5,90,0,0,20,16,15,14,8,10,12,7,6,2,1,2,1,0,0,0,0,0,1,1,0,2,3,4,2,3,4,14,15,20,7
202310,서울노원,137,77,30,30,0,0,10,123,3,1,21,33,15,23,19,10,16,8,5,4,7,4,2,0,0,1,0,0,1,0,1,3,6,7,14,10,3,15,13,18,15
202310,서울강남,48,25,11,12,0,0,1,47,0,0,5,10,7,4,7,6,9,2,2,1,0,0,1,0,0,2,0,0,0,0,2,0,1,3,3,1,4,10,5,5,6
202310,서울광진,94,43,22,29,0,0,4,90,0,0,11,19,17,13,7,17,10,9,5,5,1,0,0,1,1,1,0,0,1,2,0,4,7,5,5,7,5,5,12,10,8
202310,서울중랑,67,40,10,17,0,0,4,61,1,1,9,13,8,10,6,12,9,8,6,2,1,0,0,3,1,0,0,0,0,0,2,0,1,4,4,3,7,1,6,13,5
202310,서울강동,102,56,13,33,0,0,3,95,3,1,22,16,16,9,11,19,9,7,1,6,4,2,1,0,1,0,0,1,0,0,0,4,6,10,4,5,7,14,8,9,12
202310,서울구로,88,47,20,21,0,0,3,81,3,1,17,9,12,7,14,18,11,6,4,3,1,1,1,0,0,0,0,2,1,0,3,2,2,4,7,5,5,10,14,8,9
202310,서울송파,144,69,30,45,0,0,11,130,2,1,41,21,20,10,13,12,27,9,5,2,4,2,2,0,0,0,2,1,1,1,0,2,10,10,11,6,11,16,17,19,13
202310,서울동대문,31,18,3,10,0,0,0,31,0,0,5,4,5,3,4,7,3,3,1,2,2,0,0,0,0,0,0,0,1,1,0,1,1,1,1,0,1,1,3,7,5
202310,서울종로,3,3,0,0,0,0,0,3,0,0,0,0,1,0,0,2,0,0,0,1,0,0,0,0,0,0,0,0,0,0,0,0,0,1,0,0,0,0,0,1,0
202310,서울관악,72,35,17,20,0,1,6,64,1,0,7,14,9,15,9,3,15,2,0,1,5,2,2,2,0,0,0,0,0,0,0,1,2,6,6,2,3,10,14,12,2
202310,서울서초,40,22,7,11,0,0,1,36,3,0,4,5,15,3,9,0,4,5,1,1,2,2,0,0,0,0,0,0,0,0,0,0,2,4,0,0,6,0,4,8,5
202310,서울성북,51,25,16,10,0,0,4,47,0,0,6,10,7,4,6,12,6,3,1,0,0,1,0,0,0,0,0,0,0,0,2,0,3,6,4,2,5,7,13,1,3
202310,서울종암,85,38,24,23,0,0,4,81,0,0,14,8,18,11,15,11,8,9,4,2,0,2,0,1,3,0,0,0,0,0,0,0,2,3,2,3,4,11,21,13,5
202310,서울영등포,110,66,19,25,0,2,5,102,0,1,22,12,13,6,7,12,38,6,7,6,2,0,1,0,0,0,0,1,2,0,2,1,7,8,4,12,11,9,7,12,12
202310,서울양천,121,74,12,35,0,0,7,113,1,0,23,21,24,10,14,12,17,7,4,2,2,0,1,0,0,0,0,0,0,4,3,0,2,7,9,8,3,11,18,21,19
202310,서울혜화,8,4,4,0,0,0,1,7,0,0,0,1,1,2,0,4,0,0,0,0,0,0,0,0,0,0,1,0,0,0,0,0,1,1,0,2,0,0,1,0,2
202310,서울은평,77,40,16,21,0,0,11,66,0,0,6,8,13,10,13,13,14,4,1,1,0,1,0,1,0,2,0,2,0,0,1,3,2,4,2,2,11,9,15,4,12
202310,서울용산,9,3,2,4,0,0,0,9,0,0,1,0,2,1,0,3,2,0,0,0,1,0,0,0,0,0,0,0,0,0,0,0,0,2,0,1,2,0,1,2,0
202310,서울남대문,2,1,0,1,0,0,0,2,0,0,0,1,0,0,0,0,1,0,0,0,0,0,0,0,0,0,0,0,0,0,0,0,0,0,0,2,0,0,0,0,0
202310,서울청,1,0,1,0,0,0,0,1,0,0,0,1,0,0,0,0,0,0,0,0,0,0,0,0,0,0,0,0,0,0,0,0,0,0,0,0,0,0,0,0,1
202310,서울마포,167,57,36,74,0,0,8,157,1,1,31,33,17,13,17,29,27,4,6,4,1,1,1,0,1,0,0,1,1,3,2,5,3,9,24,9,25,14,25,15,13
202310,ETC,951,547,198,206,0,0,31,850,39,31,148,159,165,120,106,136,117,63,28,20,17,16,2,2,3,1,3,3,6,12,17,14,31,58,76,71,83,88,122,110,105
202311,서울서부,44,17,9,18,0,0,3,41,0,0,5,1,5,13,10,7,3,7,1,1,0,0,0,0,1,2,0,0,1,0,3,0,2,2,1,5,7,4,3,4,0
202311,서울종로,9,6,1,2,0,0,0,9,0,0,3,0,2,3,0,0,1,0,0,1,1,0,0,0,0,0,0,0,0,0,0,0,0,2,0,2,0,0,1,2,0
202311,서울동작,47,18,16,13,0,0,4,43,0,0,7,1,7,13,6,3,10,0,2,1,0,0,1,0,0,0,0,0,0,0,0,1,5,2,4,6,9,8,5,3,0
202311,서울광진,52,31,8,13,0,0,3,49,0,0,6,12,3,8,6,8,9,2,1,2,0,0,0,0,0,0,0,0,0,4,0,1,1,2,8,4,6,8,3,8,2
202311,서울강서,82,41,19,22,0,0,5,72,3,2,13,9,15,15,7,13,10,9,3,3,0,0,0,1,1,1,0,0,2,0,0,3,3,11,5,3,6,5,7,11,8
202311,서울강남,42,21,14,7,0,0,3,38,1,0,2,0,6,10,7,11,6,0,1,2,1,0,0,1,0,2,1,0,0,0,0,0,2,8,6,3,2,2,3,6,2
202311,서울수서,74,44,16,14,0,0,5,68,0,1,6,13,10,12,13,16,4,5,1,0,0,0,0,0,0,0,0,0,1,1,0,1,2,9,2,3,6,10,10,16,7
202311,서울성북,32,16,9,7,0,0,1,30,1,0,7,7,0,12,3,2,1,0,1,1,0,0,0,0,0,1,0,0,1,0,4,0,3,1,1,0,2,5,8,3,1
202311,서울강북,44,21,10,13,0,0,1,42,1,0,7,3,1,11,5,11,6,5,2,0,3,1,1,1,0,0,0,0,0,0,0,0,2,2,3,6,1,6,6,4,1
202311,서울송파,66,39,18,9,0,0,3,63,0,0,8,8,10,11,12,8,9,4,3,1,2,4,0,0,0,1,1,0,0,2,0,0,2,3,5,2,5,7,8,11,5
202311,서울방배,17,15,0,2,0,0,2,14,1,0,3,2,0,6,1,3,2,0,0,2,0,0,0,0,0,0,0,0,0,0,0,0,1,0,0,0,3,1,4,4,2
202311,서울영등포,46,20,14,12,0,0,2,43,1,0,5,3,4,6,7,9,12,3,2,3,2,1,0,0,1,0,0,0,0,0,2,0,0,1,4,7,2,4,3,6,5
202311,서울서대문,52,28,10,14,0,0,3,47,1,1,7,4,9,12,4,10,6,3,2,1,2,0,0,0,1,2,0,0,1,0,0,0,1,3,1,2,5,7,8,9,4
202311,서울중부,12,5,3,4,0,0,3,9,0,0,1,0,1,1,5,4,0,1,0,0,0,1,0,0,0,0,0,0,0,0,1,1,2,3,0,1,0,0,1,0,1
202311,서울종암,20,12,6,2,0,0,2,17,1,0,2,2,3,4,5,2,2,1,1,0,0,0,0,0,0,0,0,0,0,0,1,0,1,1,0,2,1,2,6,2,2
202311,서울노원,95,53,18,24,0,0,12,82,1,0,13,9,13,19,16,11,14,5,3,2,0,2,1,0,0,0,0,0,3,3,4,0,4,8,8,9,7,12,10,7,7
202311,서울도봉,41,18,16,7,0,0,3,35,2,1,4,4,4,8,4,10,7,1,1,1,0,0,1,0,0,0,0,0,0,0,0,0,2,3,1,3,5,3,8,8,4
202311,서울중랑,58,36,14,8,0,0,5,51,2,0,11,11,5,5,9,10,7,3,4,0,2,1,0,1,1,2,1,0,0,0,0,1,4,6,3,2,3,3,3,15,3
202311,서울금천,32,18,9,5,0,0,1,31,0,0,4,3,5,3,6,4,7,3,0,5,2,1,0,0,0,0,0,0,0,0,0,0,0,2,3,4,3,0,1,6,2
202311,서울서초,32,13,5,14,0,0,2,29,1,0,5,0,5,2,4,7,9,5,0,0,0,0,0,0,0,0,1,0,0,0,0,0,0,1,1,0,6,0,9,2,7
202311,서울강동,66,34,12,20,0,0,1,64,1,0,8,11,5,14,10,7,11,1,1,2,0,0,0,0,1,0,0,1,1,1,0,1,8,3,5,6,5,11,4,8,7
202311,서울관악,53,35,5,13,0,0,9,38,6,0,15,7,10,5,7,3,6,11,0,0,3,0,0,0,1,0,0,0,0,0,0,0,5,1,1,0,2,2,11,9,7
202311,서울성동,21,9,6,6,0,0,3,17,0,1,6,2,3,3,2,1,4,1,0,0,0,0,0,0,0,0,0,0,1,0,1,0,1,1,2,0,1,7,2,2,2
202311,서울남대문,3,2,1,0,0,0,0,3,0,0,0,0,0,0,0,1,2,0,0,0,0,0,0,0,0,0,1,0,0,0,0,0,0,0,0,0,0,0,2,0,0
202311,서울혜화,5,2,2,1,0,0,0,3,2,0,2,1,0,0,0,2,0,0,0,0,0,1,0,1,0,0,0,0,0,0,0,0,2,0,0,0,1,0,0,0,0
202311,서울동대문,12,7,4,1,0,0,1,9,0,2,1,2,1,5,2,1,0,1,2,0,0,0,0,0,0,0,0,0,0,0,0,1,1,1,0,0,1,0,0,2,3
202311,서울은평,35,23,5,7,0,0,1,34,0,0,3,2,7,5,5,8,5,2,1,0,0,0,0,1,0,0,0,0,0,0,0,1,1,5,7,3,2,1,3,6,2
202311,서울구로,41,26,7,8,0,0,3,36,1,1,5,7,4,12,7,2,4,5,0,2,2,1,2,1,1,3,1,0,0,0,1,1,0,2,2,3,1,1,4,4,4
202311,서울양천,48,29,8,11,0,0,3,44,1,0,7,3,10,7,9,8,4,4,2,2,0,0,0,1,0,0,0,0,0,2,3,1,4,1,2,3,0,5,4,13,1
202311,서울마포,91,50,14,27,0,0,5,84,1,1,26,10,4,14,10,10,17,1,3,1,0,4,0,0,0,0,0,0,0,0,2,1,4,9,9,4,18,20,4,8,3
202311,서울용산,5,3,1,1,0,0,0,5,0,0,1,1,0,0,0,1,2,2,1,0,0,0,0,0,0,0,0,0,0,0,0,0,0,1,0,0,0,0,0,1,0
202311,ETC,579,342,119,118,0,0,20,517,20,22,73,41,67,122,95,79,102,28,16,18,12,3,3,1,3,4,0,5,3,8,15,22,35,46,47,26,54,67,71,61,31
202312,서울광진,48,23,11,14,0,0,1,46,1,0,12,5,8,12,2,7,2,1,2,1,0,0,1,0,0,0,0,1,0,1,1,4,3,3,4,2,3,4,4,6,7
202312,서울수서,36,19,7,10,0,0,1,34,1,0,9,1,3,7,3,9,4,1,5,1,0,0,0,1,0,0,0,0,0,1,0,1,2,0,3,1,2,3,8,4,3
202312,서울송파,42,21,7,14,0,0,4,37,1,0,4,4,5,4,10,7,8,3,1,0,1,1,0,0,0,0,0,0,0,2,2,5,4,2,2,3,2,4,3,4,3
202312,서울서초,30,15,7,8,0,0,1,29,0,0,5,3,5,3,4,4,6,2,0,0,0,0,0,0,0,0,0,1,0,0,0,0,2,4,1,2,3,6,1,7,1
202312,서울도봉,30,15,9,6,0,0,3,27,0,0,4,1,4,7,2,7,5,0,0,1,2,0,0,0,0,0,0,0,0,0,0,0,3,3,0,3,5,4,2,5,2
202312,서울동작,19,11,3,5,0,0,3,16,0,0,3,2,1,3,2,1,7,0,2,0,1,0,0,0,0,0,0,0,0,0,0,0,2,0,2,1,4,0,3,2,2
202312,서울노원,49,31,9,9,0,0,8,37,2,2,7,8,8,4,5,10,7,1,7,3,0,0,0,0,0,1,0,0,0,0,0,1,8,5,1,2,5,0,5,7,3
202312,서울서부,35,16,8,11,0,0,2,33,0,0,1,3,6,11,3,5,6,1,0,0,0,0,0,0,0,0,0,0,0,0,0,1,5,2,2,2,7,4,5,5,1
202312,서울성동,19,16,1,2,0,0,1,16,2,0,3,5,2,0,3,3,3,3,1,0,0,0,1,1,0,0,0,0,0,0,0,0,3,2,2,0,0,2,0,2,2
202312,서울강남,22,9,4,9,0,0,0,21,1,0,3,3,1,6,2,3,4,6,0,1,0,0,0,0,0,0,0,0,2,0,0,0,0,2,3,1,1,0,3,3,0
202312,서울동대문,24,18,5,1,0,0,4,18,2,0,3,2,5,1,1,4,8,2,1,2,3,1,0,0,0,0,0,0,0,0,0,0,0,0,4,0,0,1,4,4,2
202312,서울종암,18,11,2,5,0,0,3,15,0,0,4,2,1,1,2,4,4,1,1,0,0,0,0,0,0,0,0,0,0,0,1,2,2,1,0,1,0,2,3,3,1
202312,서울영등포,29,12,14,3,0,0,1,27,0,1,6,4,2,4,3,2,8,3,1,3,1,1,0,0,2,0,0,0,0,0,1,1,3,1,1,6,0,3,1,1,0
202312,서울서대문,30,20,2,8,0,0,2,27,0,1,8,0,5,6,4,5,2,1,0,0,0,0,0,0,2,2,0,1,0,0,0,1,0,1,2,2,2,5,2,6,3
202312,서울금천,25,15,9,1,0,0,4,21,0,0,4,3,3,2,2,2,9,1,0,1,0,1,1,2,0,0,0,0,0,0,0,0,0,1,0,4,1,4,3,1,5
202312,서울강북,38,19,11,8,0,0,2,36,0,0,5,7,6,6,3,6,5,1,1,1,0,1,0,0,0,0,0,1,1,0,0,1,5,3,2,4,1,4,4,5,3
202312,서울강서,52,29,7,16,0,0,4,46,2,0,7,4,9,8,7,10,7,1,3,1,0,0,0,0,0,0,0,0,0,3,2,2,4,7,3,3,3,3,3,9,5
202312,서울중랑,26,15,5,6,0,0,2,24,0,0,4,3,2,1,3,8,5,1,4,0,1,0,0,0,0,0,0,0,0,0,0,1,0,3,0,0,2,2,3,3,6
202312,서울강동,40,28,7,5,0,0,2,38,0,0,7,6,3,6,2,6,10,1,0,0,1,0,0,0,0,2,1,0,0,0,0,3,2,4,3,4,1,7,2,7,2
202312,서울혜화,7,6,0,1,0,0,1,4,1,1,0,2,0,1,0,1,3,0,0,0,0,0,0,0,0,0,0,0,0,0,0,0,4,0,0,0,1,2,0,0,0
202312,서울양천,47,35,6,6,0,0,4,43,0,0,6,9,5,5,9,8,5,1,1,0,0,0,1,0,0,1,0,1,0,1,1,2,6,2,3,0,2,5,5,9,6
202312,서울성북,20,8,8,4,0,0,2,16,1,1,4,1,4,0,1,5,5,0,0,0,1,0,0,0,0,0,0,0,0,0,1,1,0,3,1,0,3,4,2,1,3
202312,서울관악,42,25,7,10,0,1,3,38,0,0,4,7,0,8,5,14,4,12,0,1,1,0,0,1,0,0,0,0,0,0,0,0,3,3,0,0,1,0,6,8,6
202312,서울구로,32,20,9,3,0,0,2,30,0,0,11,3,5,2,2,1,8,2,1,0,0,0,0,0,0,0,0,0,1,0,1,1,0,1,1,4,2,5,9,2,2
202312,서울중부,6,2,2,2,0,0,0,6,0,0,0,0,1,0,0,2,3,0,0,0,0,0,0,0,0,2,0,0,0,0,1,0,0,1,0,0,0,0,1,1,0
202312,서울은평,38,15,8,15,0,0,4,31,3,0,7,4,2,4,3,13,5,1,0,0,2,0,0,0,0,0,1,2,0,0,1,2,0,6,4,3,4,4,4,2,2
202312,서울방배,6,2,2,2,0,0,0,6,0,0,0,0,2,1,0,1,2,0,0,0,0,0,0,0,0,0,0,0,0,0,0,0,0,0,0,1,2,0,0,2,1
202312,서울남대문,6,5,0,1,0,0,0,6,0,0,0,4,0,0,0,2,0,0,0,0,0,0,0,0,0,0,0,0,0,0,0,0,0,0,3,0,2,1,0,0,0
202312,서울마포,102,45,24,33,0,0,4,95,2,1,16,20,17,10,6,14,19,2,5,3,0,0,0,0,2,0,0,0,0,1,0,1,7,5,11,16,8,9,17,13,2
202312,서울종로,3,2,1,0,0,0,0,2,1,0,0,0,0,1,0,0,2,0,0,0,0,0,0,0,0,0,0,0,0,0,0,0,0,0,0,0,0,1,1,1,0
202312,서울용산,2,0,1,1,0,0,1,1,0,0,0,0,0,0,0,2,0,0,0,0,0,0,0,0,0,0,0,0,0,0,0,0,0,0,0,1,0,0,0,1,0
202312,ETC,462,268,104,90,0,0,25,389,26,22,81,38,57,65,44,94,83,15,10,14,10,8,1,3,2,3,1,1,2,5,9,19,29,39,33,29,30,51,46,59,43
