자치구(1),경제활동별(1),2021,2021.1,2021.2,2021.3,2021.4,2021.5,2021.6,2021.7
자치구(1),경제활동별(1),산출액(①),중간소비(②),지역내 총부가가치(③=①-②),고정자본소모(④),순기타 생산세(⑤),지역내 요소소득(⑥=③-④-⑤),산출액(2015년 기준년 연쇄가격),지역내총부가가치(2015년 기준년 연쇄가격)
종로구,총부가가치(기초가격),60600102,29229302,31370800,4605116,624527,26141157,56395132,29220243
종로구,농·림·어업,21216,13795,7422,1182,119,6121,19496,8596
종로구,광업,37394,28847,8547,8250,199,98,36904,12687
종로구,제조업,1639870,1213427,426443,76839,14863,334742,1533319,403305
종로구,"전기, 가스, 증기 및 공기조절 공급업",274444,224509,49934,34783,497,14654,302855,92680
종로구,건설업,825125,505878,319247,16485,3634,299127,693253,258608
종로구,도매 및 소매업,5696733,3023619,2673115,207118,29787,2436210,5512034,2666794
종로구,운수 및 창고업,3051645,2049844,1001801,233721,9333,758747,2488854,756109
종로구,숙박 및 음식점업,1806430,1313984,492446,33680,13322,445444,1570328,429454
종로구,정보통신업,5213123,1940075,3273048,735325,11992,2525730,4863057,3023596
종로구,금융 및 보험업,16862913,7029393,9833520,876392,123309,8833819,16731681,9916414
종로구,부동산업,3156334,1237167,1919167,383690,392070,1143407,2973089,1886564
종로구,사업서비스업,9511206,5832177,3679029,375987,13928,3289114,8709895,3274022
종로구,"공공행정,국방 및 사회보장행정",7357828,2427864,4929964,1217446,117,3712401,6365526,4135970
종로구,교육서비스업,1239472,361447,878025,127506,1340,749179,1139389,806026
종로구,보건업 및 사회복지서비스업,2751987,1433601,1318386,120475,1546,1196365,2558818,1201441
종로구,문화 및 기타 서비스업,1154381,593673,560708,156236,8471,396001,1081321,523718
중구,총부가가치(기초가격),98414663,45251834,53162829,7882114,670115,44610599,93997232,51551699
중구,농·림·어업,50,12,38,4,9,25,53,39
중구,광업,68,39,28,5,0,23,60,29
중구,제조업,3628128,2421496,1206633,156429,12539,1037664,3311244,1111255
중구,"전기, 가스, 증기 및 공기조절 공급업",317933,256957,60976,42334,576,18067,348869,112535
중구,건설업,1314664,806500,508164,26841,5791,475532,1105777,412801
중구,도매 및 소매업,13747184,7130111,6617073,514201,71880,6030992,13304250,6594374
중구,운수 및 창고업,4856782,3084473,1772309,560330,14853,1197126,4270260,1517211
중구,숙박 및 음식점업,2749549,1915802,833748,160398,20278,653072,2466448,767361
중구,정보통신업,13076875,6591233,6485642,2455272,29363,4001007,13180127,6918695
중구,금융 및 보험업,36966200,12847413,24118787,1995653,268865,21854269,36463956,24015811
중구,부동산업,1758275,639205,1119070,307628,218395,593048,1654713,1085447
중구,사업서비스업,12440440,6909457,5530983,528925,17974,4984084,11389819,4946779
중구,"공공행정,국방 및 사회보장행정",3685934,855690,2830245,822467,58,2007720,3209749,2404605
중구,교육서비스업,1035913,312602,723312,105818,1344,616150,950466,663179
중구,보건업 및 사회복지서비스업,1589402,795239,794163,79328,421,714414,1478744,728854
중구,문화 및 기타 서비스업,1247265,685607,561658,126481,7767,427410,1165260,517575
용산구,총부가가치(기초가격),24458601,12389111,12069490,2335871,390020,9343599,22724307,11216274
용산구,농·림·어업,17145,11510,5635,1005,-30,4661,15640,7007
용산구,광업,-,-,-,-,-,-,-,-
용산구,제조업,661279,483923,177356,47134,4648,125574,637073,167332
용산구,"전기, 가스, 증기 및 공기조절 공급업",256683,210934,45749,31910,465,13374,284536,85478
용산구,건설업,726775,446550,280225,13922,3201,263101,610372,226077
용산구,도매 및 소매업,4737282,2486946,2250336,174607,24770,2050959,4584216,2243699
용산구,운수 및 창고업,672727,391259,281468,116373,2057,163038,616579,264108
용산구,숙박 및 음식점업,1432839,1034815,398023,36333,10567,351123,1252357,350965
용산구,정보통신업,2777710,1278173,1499537,495227,6294,998016,2722427,1522713
용산구,금융 및 보험업,1156562,635879,520683,48213,8440,464030,1108110,487382
용산구,부동산업,2519265,765653,1753612,579454,312931,861227,2368059,1682083
용산구,사업서비스업,5273299,3089328,2183971,199978,7753,1976239,4806849,1923204
용산구,"공공행정,국방 및 사회보장행정",1923473,486552,1436921,361180,31,1075710,1651685,1205316
용산구,교육서비스업,521098,152112,368986,53595,567,314824,479225,339010
용산구,보건업 및 사회복지서비스업,734361,377360,357002,33695,338,322969,682804,326389
용산구,문화 및 기타 서비스업,1048102,538115,509987,143245,7988,358754,974432,468348
성동구,총부가가치(기초가격),27592081,14945057,12647023,2163599,348914,10134510,25541795,11588912
성동구,농·림·어업,919,531,388,36,26,325,825,352
성동구,광업,403,235,168,32,2,134,360,172
성동구,제조업,6324613,4789817,1534796,329271,37185,1168340,5965462,1445003
성동구,"전기, 가스, 증기 및 공기조절 공급업",308000,248910,59090,41023,558,17509,339290,109516
성동구,건설업,1390550,851850,538701,27250,6125,505326,1167816,435539
성동구,도매 및 소매업,5361565,2742843,2618722,203829,28034,2386858,5190227,2611926
성동구,운수 및 창고업,745842,443726,302116,117895,2281,181940,682679,280052
성동구,숙박 및 음식점업,936365,685053,251312,12342,6906,232065,810689,217272
성동구,정보통신업,2412249,955476,1456773,374749,5525,1076499,2232817,1333749
성동구,금융 및 보험업,394354,162961,231393,18778,2858,209757,380340,221183
성동구,부동산업,1968261,569109,1399153,486185,244488,668480,1848363,1337216
성동구,사업서비스업,4495262,2039575,2455686,265709,6218,2183760,3966692,2077686
성동구,"공공행정,국방 및 사회보장행정",236620,52816,183804,54046,4,129755,206031,156112
성동구,교육서비스업,1080537,309572,770965,111549,1050,658365,994306,708455
성동구,보건업 및 사회복지서비스업,882406,454883,427523,40056,427,387040,820394,390517
성동구,문화 및 기타 서비스업,1054133,637700,416433,80848,7228,328358,933335,345315
광진구,총부가가치(기초가격),12218176,6191149,6027026,1063901,210639,4752487,11288405,5553429
광진구,농·림·어업,271,124,147,15,22,110,252,140
광진구,광업,-,-,-,-,-,-,-,-
광진구,제조업,1105831,866738,239093,50924,4599,183570,1041045,215895
광진구,"전기, 가스, 증기 및 공기조절 공급업",309964,256865,53099,37135,562,15402,343754,98786
광진구,건설업,918315,565990,352326,17322,4045,330959,772549,284733
광진구,도매 및 소매업,1687536,861870,825666,64278,8824,752564,1632982,821839
광진구,운수 및 창고업,327555,188732,138824,58642,1002,79180,298000,128853
광진구,숙박 및 음식점업,1147662,822509,325153,37329,8464,279360,1012288,291931
광진구,정보통신업,420792,179882,240910,68369,961,171580,395076,226462
광진구,금융 및 보험업,337209,131676,205533,16141,2438,186954,321653,192980
광진구,부동산업,1380588,386348,994240,349371,171492,473376,1296489,948575
광진구,사업서비스업,1504605,667123,837482,80586,2056,754840,1347480,726357
광진구,"공공행정,국방 및 사회보장행정",277724,66527,211197,60760,4,150433,241430,178873
광진구,교육서비스업,980204,268604,711600,102061,692,608847,904343,655446
광진구,보건업 및 사회복지서비스업,1242458,639393,603065,56728,585,545752,1155162,551126
광진구,문화 및 기타 서비스업,577460,288769,288692,64238,4892,219561,522265,253582
동대문구,총부가가치(기초가격),14846077,7817713,7028364,1153920,233087,5641357,13767039,6482126
동대문구,농·림·어업,306,168,138,13,13,112,276,127
동대문구,광업,160,85,75,10,1,64,125,58
동대문구,제조업,2203564,1756757,446807,101622,9090,336095,2090199,411870
동대문구,"전기, 가스, 증기 및 공기조절 공급업",284327,235868,48459,33902,515,14042,315720,90391
동대문구,건설업,1338557,824792,513765,25288,5896,482581,1126038,414979
동대문구,도매 및 소매업,2435940,1255779,1180160,91775,12737,1075648,2357882,1176082
동대문구,운수 및 창고업,370032,216569,153463,62487,1132,89844,338404,142883
동대문구,숙박 및 음식점업,835331,609850,225481,12675,6160,206645,725248,196284
동대문구,정보통신업,219722,109050,110672,37769,499,72403,211950,109446
동대문구,금융 및 보험업,547479,257155,290324,25531,3991,260802,530841,279171
동대문구,부동산업,1483864,437703,1046161,359561,184317,502283,1393932,1000782
동대문구,사업서비스업,1348569,565263,783306,65134,1836,716335,1185933,657164
동대문구,"공공행정,국방 및 사회보장행정",301202,73682,227520,64994,5,162522,261927,192878
동대문구,교육서비스업,1279699,342275,937424,133842,725,802857,1182510,864686
동대문구,보건업 및 사회복지서비스업,1556696,803445,753251,70379,767,682106,1447690,687867
동대문구,문화 및 기타 서비스업,640629,329270,311359,68938,5405,237015,578129,273011
중랑구,총부가가치(기초가격),9669808,5214270,4455538,847735,163320,3444484,8943417,4124146
중랑구,농·림·어업,4158,2383,1774,167,127,1480,3734,1612
중랑구,광업,1243,725,518,97,7,414,1107,535
중랑구,제조업,1526737,1209802,316935,78237,6068,232629,1448980,290961
중랑구,"전기, 가스, 증기 및 공기조절 공급업",285842,240182,45660,32090,518,13052,319641,85437
중랑구,건설업,1026245,632491,393754,19100,4520,370134,863557,317225
중랑구,도매 및 소매업,1277775,649681,628094,48922,6681,572490,1236527,625143
중랑구,운수 및 창고업,498517,281870,216648,95250,1525,119873,453067,201735
중랑구,숙박 및 음식점업,654347,478459,175888,8970,4826,162092,566518,152003
중랑구,정보통신업,209162,101993,107169,33896,477,72796,201229,105237
중랑구,금융 및 보험업,169242,67358,101884,8555,1231,92097,164449,98964
중랑구,부동산업,1055102,301761,753342,259879,131061,362401,990351,718937
중랑구,사업서비스업,578869,247627,331242,34385,814,296043,519564,287885
중랑구,"공공행정,국방 및 사회보장행정",248963,55090,193873,57149,4,136720,216715,164582
중랑구,교육서비스업,610276,178536,431740,62739,672,368328,561085,396527
중랑구,보건업 및 사회복지서비스업,991197,503247,487949,47293,368,440288,921682,446992
중랑구,문화 및 기타 서비스업,532134,263065,269069,61002,4420,203647,476057,232584
성북구,총부가가치(기초가격),11070628,5138333,5932295,1085398,209710,4637187,10216145,5454586
성북구,농·림·어업,849,384,465,46,72,347,789,444
성북구,광업,-,-,-,-,-,-,-,-
성북구,제조업,634539,498308,136232,30633,3250,102349,613798,132953
성북구,"전기, 가스, 증기 및 공기조절 공급업",351942,295044,56898,39954,638,16306,392985,106470
성북구,건설업,765628,472910,292718,13851,3372,275495,644102,236127
성북구,도매 및 소매업,1149339,575205,574134,44798,6010,523326,1112185,570809
성북구,운수 및 창고업,273963,154296,119667,53024,838,65805,248342,110965
성북구,숙박 및 음식점업,826958,604696,222261,11305,6099,204857,716227,192274
성북구,정보통신업,321044,146257,174786,54102,733,119951,303301,164912
성북구,금융 및 보험업,212163,69780,142383,11749,1543,129091,211335,143936
성북구,부동산업,1455859,386807,1069052,394240,180842,493971,1366493,1016533
성북구,사업서비스업,1312599,515014,797585,77288,1587,718710,1157056,672459
성북구,"공공행정,국방 및 사회보장행정",270091,61068,209023,61230,4,147788,235077,177414
성북구,교육서비스업,1684387,441881,1242506,176782,769,1064955,1557878,1146836
성북구,보건업 및 사회복지서비스업,1332709,680860,651849,62331,556,588962,1239256,596384
성북구,문화 및 기타 서비스업,478559,235824,242736,54065,3397,185274,431238,211144
강북구,총부가가치(기초가격),6544423,3396489,3147933,585002,112359,2450572,6054634,2904512
강북구,농·림·어업,973,395,578,58,103,416,921,559
강북구,광업,-,-,-,-,-,-,-,-
강북구,제조업,425288,329969,95320,22170,2373,70777,406573,88951
강북구,"전기, 가스, 증기 및 공기조절 공급업",247641,208819,38823,27323,449,11051,277105,72620
강북구,건설업,576791,355134,221657,10831,2541,208285,486512,178398
강북구,도매 및 소매업,684238,337607,346631,27088,3578,315965,662300,344531
강북구,운수 및 창고업,288000,162277,125723,55656,881,69186,261273,116752
강북구,숙박 및 음식점업,615879,449309,166570,9768,4542,152260,533775,144309
강북구,정보통신업,169874,69910,99965,26553,390,73021,156430,91951
강북구,금융 및 보험업,544578,318341,226237,21269,3972,200996,518527,207678
강북구,부동산업,716711,197402,519309,183099,89028,247181,673106,495262
강북구,사업서비스업,393021,170432,222590,22706,571,199313,359239,199049
강북구,"공공행정,국방 및 사회보장행정",229423,52356,177067,51726,4,125337,199683,150335
강북구,교육서비스업,402500,112171,290329,41776,324,248229,371072,267291
강북구,보건업 및 사회복지서비스업,845823,431150,414673,39847,339,374487,786636,379709
강북구,문화 및 기타 서비스업,403683,201218,202465,45133,3266,154067,361757,175394
도봉구,총부가가치(기초가격),6493901,3280247,3213654,673580,126233,2413841,5996247,2975943
도봉구,농·림·어업,2037,1055,982,95,113,774,1855,915
도봉구,광업,-,-,-,-,-,-,-,-
도봉구,제조업,403649,313572,90077,22096,2530,65452,380900,84277
도봉구,"전기, 가스, 증기 및 공기조절 공급업",252961,213892,39069,27526,458,11084,283469,73076
도봉구,건설업,657188,403686,253502,12452,2895,238155,553990,203729
도봉구,도매 및 소매업,747403,372277,375126,29285,3908,341933,723566,373142
도봉구,운수 및 창고업,331637,185921,145716,65145,1014,79557,300784,135532
도봉구,숙박 및 음식점업,470688,343972,126716,6706,3471,116539,407646,109614
도봉구,정보통신업,106042,52823,53219,19869,239,33111,105218,55558
도봉구,금융 및 보험업,121072,52387,68684,6113,885,61687,119999,69070
도봉구,부동산업,853984,230185,623799,220690,106081,297027,801736,594354
도봉구,사업서비스업,595654,303145,292509,66932,862,224715,536413,258025
도봉구,"공공행정,국방 및 사회보장행정",341689,88463,253225,70854,5,182366,296692,214049
도봉구,교육서비스업,470512,132076,338436,48767,399,289270,433441,311259
도봉구,보건업 및 사회복지서비스업,706406,354474,351932,34950,202,316780,657059,322960
도봉구,문화 및 기타 서비스업,432981,232318,200663,42100,3170,155393,386180,171623
노원구,총부가가치(기초가격),11804887,5600969,6203918,1161664,241219,4801035,10937066,5742857
노원구,농·림·어업,2367,1168,1199,118,157,924,2171,1129
노원구,광업,-,-,-,-,-,-,-,-
노원구,제조업,532385,390165,142220,33839,3538,104843,515861,136670
노원구,"전기, 가스, 증기 및 공기조절 공급업",390501,328591,61910,43535,708,17668,436972,115991
노원구,건설업,545709,336135,209573,9471,2404,197699,459111,169105
노원구,도매 및 소매업,1124884,554535,570349,44574,5882,519893,1088539,566577
노원구,운수 및 창고업,514674,291375,223299,97924,1574,123801,468002,208235
노원구,숙박 및 음식점업,917024,671237,245787,11654,6763,227371,793198,211967
노원구,정보통신업,195964,88559,107405,33314,446,73645,188971,106768
노원구,금융 및 보험업,756750,407437,349313,31355,5511,312447,729869,332133
노원구,부동산업,1669999,452489,1217510,437375,207443,572692,1567976,1159828
노원구,사업서비스업,781313,300393,480920,37073,1067,442780,693345,410647
노원구,"공공행정,국방 및 사회보장행정",278324,61490,216834,63946,4,152884,242250,184009
노원구,교육서비스업,1677063,484340,1192723,172857,1713,1018154,1543141,1096269
노원구,보건업 및 사회복지서비스업,1926881,988995,937886,88756,870,848261,1791354,857431
노원구,문화 및 기타 서비스업,491049,244060,246989,55874,3140,187974,435353,209504
은평구,총부가가치(기초가격),9302622,4602604,4700018,933280,218645,3548093,8533756,4313134
은평구,농·림·어업,4805,2614,2191,210,210,1771,4353,2026
은평구,광업,-,-,-,-,-,-,-,-
은평구,제조업,341666,262330,79336,17645,2171,59520,323609,74650
은평구,"전기, 가스, 증기 및 공기조절 공급업",358925,301118,57807,40604,650,16554,401314,108309
은평구,건설업,1123761,694452,429309,20512,4950,403848,945130,346746
은평구,도매 및 소매업,879460,434289,445171,34785,4598,405787,851089,442340
은평구,운수 및 창고업,380282,213652,166630,74187,1163,91281,345044,155069
은평구,숙박 및 음식점업,787328,575505,211824,11040,5806,194977,681634,183038
은평구,정보통신업,316168,158381,157786,47952,724,109110,297931,149070
은평구,금융 및 보험업,288327,145216,143112,13052,2106,127954,279506,138200
은평구,부동산업,1544496,430324,1114172,403853,191849,518470,1449489,1060444
은평구,사업서비스업,508598,214803,293795,27346,725,265725,449731,250468
은평구,"공공행정,국방 및 사회보장행정",266925,59335,207591,61113,4,146474,232269,176122
은평구,교육서비스업,688114,196029,492085,71117,645,420323,633615,452551
은평구,보건업 및 사회복지서비스업,1384380,696117,688263,68065,417,619781,1286775,631447
은평구,문화 및 기타 서비스업,429386,218440,210945,41799,2627,166520,381944,178549
서대문구,총부가가치(기초가격),15938956,7701882,8237074,1405189,251652,6580233,14685926,7535875
서대문구,농·림·어업,175188,117939,57248,10290,-438,47396,159741,71511
서대문구,광업,-,-,-,-,-,-,-,-
서대문구,제조업,327143,245540,81604,22532,1579,57492,320081,80846
서대문구,"전기, 가스, 증기 및 공기조절 공급업",270541,225331,45210,31672,490,13048,301286,84554
서대문구,건설업,976984,601599,375385,18617,4303,352465,821270,303107
서대문구,도매 및 소매업,1553526,799649,753877,58636,8123,687118,1502997,750369
서대문구,운수 및 창고업,313834,183488,130346,53222,960,76164,288062,122768
서대문구,숙박 및 음식점업,938313,683089,255224,16759,6920,231544,816501,223225
서대문구,정보통신업,602666,255943,346723,94619,1377,250727,549001,309353
서대문구,금융 및 보험업,1969198,1248399,720799,72188,14392,634219,1861293,641714
서대문구,부동산업,1669353,501427,1167927,424437,207347,536143,1567256,1114146
서대문구,사업서비스업,1808680,789510,1019169,82958,2454,933757,1638871,898457
서대문구,"공공행정,국방 및 사회보장행정",1090939,337214,753725,193931,17,559777,944690,633614
서대문구,교육서비스업,1893227,499330,1393898,198511,922,1194465,1751250,1287040
서대문구,보건업 및 사회복지서비스업,1991742,1034497,957245,88107,1075,868064,1852277,873075
서대문구,문화 및 기타 서비스업,357622,178928,178693,38708,2133,137853,322864,154949
마포구,총부가가치(기초가격),40306401,20484224,19822177,4043874,444097,15334205,37264694,18253169
마포구,농·림·어업,1781,1031,750,70,50,629,1597,679
마포구,광업,101,58,43,8,1,34,90,44
마포구,제조업,1203724,918782,284942,65564,7337,212042,1146839,270642
마포구,"전기, 가스, 증기 및 공기조절 공급업",388474,319506,68968,48118,704,20146,429975,128460
마포구,건설업,1193788,733753,460034,23141,5258,431635,1004295,371094
마포구,도매 및 소매업,5065000,2612629,2452371,190695,26483,2235192,4900506,2441960
마포구,운수 및 창고업,2264428,1427292,837136,268581,6925,561630,2095739,769380
마포구,숙박 및 음식점업,2042711,1487917,554793,35410,15065,504319,1775967,483764
마포구,정보통신업,13283605,6341677,6941928,1954872,30530,4956526,12314223,6376154
마포구,금융 및 보험업,1248054,533658,714396,54253,8990,651152,1173844,648106
마포구,부동산업,2585600,779975,1805625,613631,321166,870828,2427507,1725762
마포구,사업서비스업,6940048,3620957,3319091,366591,10022,2942478,6321169,2947552
마포구,"공공행정,국방 및 사회보장행정",345359,88566,256794,72115,5,184673,299950,217172
마포구,교육서비스업,1424562,451023,973539,144014,2300,827225,1302029,888715
마포구,보건업 및 사회복지서비스업,1146895,568215,578679,58916,223,519540,1066639,532291
마포구,문화 및 기타 서비스업,1172271,599183,573088,147895,9038,416155,1074775,514639
양천구,총부가가치(기초가격),13473496,6696108,6777387,1511971,302263,4963153,12479607,6275699
양천구,농·림·어업,606,338,268,26,23,220,546,245
양천구,광업,181,106,75,14,1,60,162,77
양천구,제조업,725427,533265,192162,43550,5238,143374,686332,182058
양천구,"전기, 가스, 증기 및 공기조절 공급업",376346,313529,62818,44011,682,18125,419533,117878
양천구,건설업,694297,426737,267559,12947,3058,251555,583705,215522
양천구,도매 및 소매업,1368111,685326,682784,53271,7153,622360,1324013,679035
양천구,운수 및 창고업,758258,442983,315276,128948,2319,184008,693982,294258
양천구,숙박 및 음식점업,836945,613590,223356,9381,6172,207802,723098,192074
양천구,정보통신업,1748253,1004169,744084,250412,4000,489672,1654604,710980
양천구,금융 및 보험업,504082,194017,310065,22531,3619,283916,477354,287121
양천구,부동산업,2112557,560403,1552154,571453,262415,718286,1982847,1476165
양천구,사업서비스업,871036,416351,454684,62944,1263,390478,786691,399099
양천구,"공공행정,국방 및 사회보장행정",459151,127487,331664,90134,7,241523,398455,280190
양천구,교육서비스업,999648,323301,676346,100574,1759,574013,912879,617127
양천구,보건업 및 사회복지서비스업,1410529,722901,687628,65290,621,621717,1311676,628828
양천구,문화 및 기타 서비스업,608068,331604,276463,56487,3932,216044,540763,233602
강서구,총부가가치(기초가격),33138259,16112636,17025623,2957469,506533,13561622,30288646,15394239
강서구,농·림·어업,30915,17950,12965,1218,843,10904,27727,11744
강서구,광업,-,-,-,-,-,-,-,-
강서구,제조업,1703753,1217524,486228,147853,13571,324804,1664398,480451
강서구,"전기, 가스, 증기 및 공기조절 공급업",450404,369179,81225,56611,816,23798,498618,151179
강서구,건설업,2274073,1395901,878172,45250,10017,822905,1913432,711731
강서구,도매 및 소매업,4260474,2214225,2046249,158971,22277,1865001,4122893,2039313
강서구,운수 및 창고업,3178576,1970645,1207931,438397,9721,759813,2827502,1064549
강서구,숙박 및 음식점업,1581734,1151584,430150,28140,11665,390345,1375723,375788
강서구,정보통신업,3797365,1302563,2494802,536115,8752,1949935,3479583,2247568
강서구,금융 및 보험업,597848,258934,338913,27175,4326,307412,570896,317768
강서구,부동산업,3271646,1079943,2191703,642754,406391,1142558,3076663,2115483
강서구,사업서비스업,7384621,3022661,4361960,475260,8673,3878027,6530032,3713960
강서구,"공공행정,국방 및 사회보장행정",312293,72999,239294,69389,5,169900,271752,203074
강서구,교육서비스업,1124868,358111,766757,113577,1858,651322,1028766,700913
강서구,보건업 및 사회복지서비스업,1929469,986653,942817,89968,818,852031,1793138,862566
강서구,문화 및 기타 서비스업,1240222,693764,546458,126791,6799,412868,1087893,451545
구로구,총부가가치(기초가격),26974399,13550028,13424370,2407417,287170,10729783,24891078,12096513
구로구,농·림·어업,4016,2295,1721,163,126,1432,3610,1566
구로구,광업,-,-,-,-,-,-,-,-
구로구,제조업,4257205,2976061,1281144,400653,30183,850307,4271540,1309661
구로구,"전기, 가스, 증기 및 공기조절 공급업",345972,285464,60509,42258,627,17624,383126,112638
구로구,건설업,1144492,703831,440660,21776,5041,413843,963019,355183
구로구,도매 및 소매업,3671587,1932628,1738959,134883,19198,1584879,3552471,1733838
구로구,운수 및 창고업,824351,496762,327589,123228,2521,201840,755442,304807
구로구,숙박 및 음식점업,989220,717926,271294,20550,7295,243448,860630,236770
구로구,정보통신업,5203379,1941327,3262052,705957,11976,2544118,4520018,2698890
구로구,금융 및 보험업,1117583,494091,623492,49523,8079,565889,1062436,579884
구로구,부동산업,1527897,445496,1082400,366858,189790,525752,1434802,1034612
구로구,사업서비스업,4402344,2015739,2386605,239865,6092,2140649,3884118,2017479
구로구,"공공행정,국방 및 사회보장행정",368112,95716,272396,76091,6,196299,319663,230326
구로구,교육서비스업,863560,268335,595225,87661,1286,506278,790688,544494
구로구,보건업 및 사회복지서비스업,1580146,810423,769723,72965,704,696054,1469318,703799
구로구,문화 및 기타 서비스업,674536,363934,310602,64987,4245,241370,607114,267663
금천구,총부가가치(기초가격),34764883,18411033,16353849,3065531,337872,12950446,32648954,14984157
금천구,농·림·어업,369,178,191,19,26,146,340,181
금천구,광업,-,-,-,-,-,-,-,-
금천구,제조업,10197795,7221668,2976127,960133,70849,1945145,10269090,3034339
금천구,"전기, 가스, 증기 및 공기조절 공급업",239476,193996,45479,31594,434,13452,263219,84161
금천구,건설업,1730162,1060537,669625,34858,7621,627146,1457182,540186
금천구,도매 및 소매업,4720576,2486900,2233675,173237,24682,2035756,4567307,2227165
금천구,운수 및 창고업,843295,504558,338736,130167,2579,205990,773865,314220
금천구,숙박 및 음식점업,711267,519360,191907,10682,5246,175979,616520,166251
금천구,정보통신업,6560915,2250693,4310222,910972,15121,3384129,5935837,3809466
금천구,금융 및 보험업,263643,92730,170914,13484,1908,155521,256706,166513
금천구,부동산업,1579619,546242,1033376,339229,196193,497954,1482825,990355
금천구,사업서비스업,5998848,2656501,3342347,287678,8215,3046453,5228323,2756579
금천구,"공공행정,국방 및 사회보장행정",195057,43176,151882,44767,3,107112,169806,128953
금천구,교육서비스업,472795,148809,323986,47859,745,275382,432357,295929
금천구,보건업 및 사회복지서비스업,612986,310376,302611,29500,215,272895,569895,277367
금천구,문화 및 기타 서비스업,638080,375308,262772,51351,4035,207387,568702,221343
영등포구,총부가가치(기초가격),72182157,33948574,38233583,4832341,724537,32676705,66452451,34545791
영등포구,농·림·어업,6532,4372,2160,378,-8,1791,5935,2658
영등포구,광업,1323,753,570,97,7,466,1152,566
영등포구,제조업,3005368,2155403,849965,202987,25236,621742,2816161,811282
영등포구,"전기, 가스, 증기 및 공기조절 공급업",411515,334618,76897,53473,746,22678,452844,142428
영등포구,건설업,1937866,1186477,751389,37769,8536,705085,1625944,606972
영등포구,도매 및 소매업,8993334,4659369,4333965,336829,47023,3950112,8702090,4317374
영등포구,운수 및 창고업,1746674,1088731,657943,221588,5342,431014,1591896,606421
영등포구,숙박 및 음식점업,2168571,1573961,594609,44892,15993,533724,1889971,521594
영등포구,정보통신업,7487315,3175399,4311915,1051299,17227,3243389,6768431,3787584
영등포구,금융 및 보험업,24860228,9204987,15655241,1061208,177419,14416614,22902839,13845161
영등포구,부동산업,3152452,1009495,2142956,715889,391564,1035503,2960440,2053735
영등포구,사업서비스업,12421602,6806200,5615402,511606,18173,5085623,11368803,5020877
영등포구,"공공행정,국방 및 사회보장행정",1223357,378161,845196,217461,19,627716,1059523,710868
영등포구,교육서비스업,774760,246834,527926,78214,1284,448428,708433,482498
영등포구,보건업 및 사회복지서비스업,1891205,979140,912065,84594,975,826495,1758551,832704
영등포구,문화 및 기타 서비스업,2100056,1144673,955383,214058,15000,726324,1937176,862727
동작구,총부가가치(기초가격),11727694,5536682,6191012,1128907,239931,4822174,10703612,5604885
동작구,농·림·어업,374,185,189,19,25,146,343,178
동작구,광업,-,-,-,-,-,-,-,-
동작구,제조업,164980,125971,39010,9198,1053,28759,156425,37496
동작구,"전기, 가스, 증기 및 공기조절 공급업",308016,258342,49674,34887,558,14229,343956,92957
동작구,건설업,991379,608473,382906,17933,4367,360607,831757,308309
동작구,도매 및 소매업,1211526,622718,588808,45805,6335,536669,1172292,586248
동작구,운수 및 창고업,158197,91235,66962,28227,484,38251,143970,62186
동작구,숙박 및 음식점업,774576,565266,209310,12050,5712,191547,672119,181903
동작구,정보통신업,1076751,444834,631918,146953,2460,482505,918912,499693
동작구,금융 및 보험업,372297,175334,196962,16654,2704,177604,355947,184908
동작구,부동산업,1688804,456823,1231982,441429,209780,580773,1584758,1173687
동작구,사업서비스업,1487751,761936,725814,57887,2166,665762,1338238,630147
동작구,"공공행정,국방 및 사회보장행정",442066,122124,319942,87145,7,232790,383694,270298
동작구,교육서비스업,1161295,339639,821656,119393,1277,700986,1067580,754604
동작구,보건업 및 사회복지서비스업,1486869,762925,723945,68556,668,654721,1382799,662073
동작구,문화 및 기타 서비스업,402813,200878,201935,42771,2336,156828,361492,173880
관악구,총부가가치(기초가격),11750769,5857342,5893427,1172437,200770,4520220,10935630,5523140
관악구,농·림·어업,1470,637,833,84,137,612,1376,799
관악구,광업,33,19,14,3,0,11,30,14
관악구,제조업,627707,502604,125103,28141,2422,94540,601447,119102
관악구,"전기, 가스, 증기 및 공기조절 공급업",400427,335368,65059,45668,726,18665,446802,121535
관악구,건설업,825528,508417,317111,14667,3636,298808,695608,255888
관악구,도매 및 소매업,1003797,500986,502811,39245,5249,458318,971393,499847
관악구,운수 및 창고업,251727,140918,110809,49676,770,60363,228304,103200
관악구,숙박 및 음식점업,1193820,871683,322137,17972,8804,295361,1034925,279265
관악구,정보통신업,1304248,671289,632959,257368,2919,372672,1333748,698799
관악구,금융 및 보험업,224789,79028,145762,11558,1628,132576,217505,140612
관악구,부동산업,1346336,387341,958995,326695,167238,465062,1264662,916968
관악구,사업서비스업,1231618,598728,632891,55048,1713,576130,1103698,544535
관악구,"공공행정,국방 및 사회보장행정",286563,64877,221685,64914,5,156766,249366,188093
관악구,교육서비스업,1522036,430982,1091054,157489,1371,932194,1402515,1004488
관악구,보건업 및 사회복지서비스업,987838,501770,486068,47065,370,438633,918693,445255
관악구,문화 및 기타 서비스업,542831,262696,280135,56844,3782,219509,488491,242922
서초구,총부가가치(기초가격),68752318,33797774,34954544,5849872,1055409,28049262,63190668,31771147
서초구,농·림·어업,648587,434499,214087,37654,-912,177345,593710,263569
서초구,광업,1472,859,613,115,8,490,1310,634
서초구,제조업,2776186,2132242,643944,156436,16838,470669,2641645,586801
서초구,"전기, 가스, 증기 및 공기조절 공급업",462462,374382,88080,61177,838,26065,508114,163086
서초구,건설업,2370592,1460392,910200,45886,10442,853873,1993935,733650
서초구,도매 및 소매업,11524726,6046328,5478398,425112,60259,4993027,11152364,5462162
서초구,운수 및 창고업,2322811,1360551,962260,391157,7104,563999,2113998,886353
서초구,숙박 및 음식점업,2530218,1843201,687017,43625,18660,624732,2206071,603788
서초구,정보통신업,6942965,2612223,4330742,986933,15964,3327845,6304499,3843358
서초구,금융 및 보험업,4562392,2267959,2294433,186988,33014,2074431,4296181,2077928
서초구,부동산업,6838742,2098992,4739750,1597956,849457,2292337,6419466,4538222
서초구,사업서비스업,16839497,8426395,8413102,784821,22828,7605453,15090173,7219801
서초구,"공공행정,국방 및 사회보장행정",3153022,1021484,2131538,532862,50,1598625,2728874,1790018
서초구,교육서비스업,2043147,705599,1337548,202373,4552,1130624,1856965,1214548
서초구,보건업 및 사회복지서비스업,3828475,1987964,1840512,169512,2058,1668941,3559902,1678972
서초구,문화 및 기타 서비스업,1907025,1024705,882320,227266,14248,640806,1760156,800628
강남구,총부가가치(기초가격),147116269,76662559,70453710,11538672,2221712,56693326,135299671,63901465
강남구,농·림·어업,43159,28176,14982,2371,182,12430,38969,17486
강남구,광업,1260,731,530,97,7,426,1097,501
강남구,제조업,14655937,11909507,2746431,663973,56974,2025484,13895953,2448062
강남구,"전기, 가스, 증기 및 공기조절 공급업",699671,568004,131667,91519,1268,38880,770086,244205
강남구,건설업,3972108,2443510,1528597,77995,17496,1433107,3342476,1237661
강남구,도매 및 소매업,33123949,17349146,15774804,1224348,173195,14377260,32081434,15751324
강남구,운수 및 창고업,1830791,1123283,707509,252320,5599,449589,1680327,669880
강남구,숙박 및 음식점업,5094402,3688185,1406216,117594,37571,1251052,4448377,1237796
강남구,정보통신업,19219121,7475445,11743676,2566345,44261,9133070,16402131,9424449
강남구,금융 및 보험업,7473763,3214604,4259159,340453,54074,3864632,7087480,3954256
강남구,부동산업,14047479,4689428,9358051,3108154,1744778,4505120,13190951,8976860
강남구,사업서비스업,31812441,16831661,14980780,1937109,45337,12998335,28489533,12894359
강남구,"공공행정,국방 및 사회보장행정",436637,108214,328423,93392,7,235024,379207,277782
강남구,교육서비스업,3152184,1161066,1991118,307069,8568,1675481,2850294,1797947
강남구,보건업 및 사회복지서비스업,8009885,4200502,3809383,342348,4902,3462133,7446996,3468239
강남구,문화 및 기타 서비스업,3543483,1871098,1672384,413586,27495,1231303,3217314,1472421
송파구,총부가가치(기초가격),55271920,26154472,29117448,5071405,888045,23157997,50840835,26587554
송파구,농·림·어업,106855,71319,35535,6138,-73,29470,97311,43353
송파구,광업,3402,1985,1417,266,18,1133,3073,1449
송파구,제조업,3262045,2322762,939283,276142,38176,624966,3076050,854136
송파구,"전기, 가스, 증기 및 공기조절 공급업",496068,406080,89988,62695,899,26394,550879,168521
송파구,건설업,2086950,1283739,803211,40136,9192,753882,1754488,645634
송파구,도매 및 소매업,11326708,5901313,5425395,421364,59224,4944807,10959415,5406569
송파구,운수 및 창고업,1915641,1193134,722507,247315,5858,469334,1597235,573973
송파구,숙박 및 음식점업,2360626,1715900,644725,45570,17409,581746,2052350,562305
송파구,정보통신업,9463983,3013942,6450041,1329294,21815,5098932,8870832,5985812
송파구,금융 및 보험업,1484706,600173,884533,71133,10754,802647,1428933,844592
송파구,부동산업,5413872,1544515,3869357,1354809,672488,1842060,5082780,3693779
송파구,사업서비스업,7882945,3663267,4219678,391367,11450,3816861,6760157,3405846
송파구,"공공행정,국방 및 사회보장행정",594619,163881,430738,117446,9,313282,515880,363603
송파구,교육서비스업,1390736,436109,954628,140894,2156,811578,1272277,872395
송파구,보건업 및 사회복지서비스업,4345210,2264082,2081128,190068,2449,1888611,4040003,1897559
송파구,문화 및 기타 서비스업,3137554,1572271,1565282,376767,36221,1152294,2852799,1406486
강동구,총부가가치(기초가격),17342754,8796742,8546013,1393028,313403,6839582,15889886,7766414
강동구,농·림·어업,9626,5562,4063,382,274,3407,8639,3686
강동구,광업,534,312,222,42,3,178,477,228
강동구,제조업,629007,483013,145994,33433,3842,108719,598316,134116
강동구,"전기, 가스, 증기 및 공기조절 공급업",408936,343639,65298,45893,741,18663,456925,121483
강동구,건설업,3118190,1887684,1230507,66570,13735,1150202,2625142,986723
강동구,도매 및 소매업,2732822,1381202,1351620,105349,14289,1231981,2644185,1344358
강동구,운수 및 창고업,411817,235905,175912,75270,1259,99382,374654,163768
강동구,숙박 및 음식점업,1080384,790359,290025,14317,7968,267741,935215,250570
강동구,정보통신업,522184,228566,293619,88165,1189,204264,506669,293314
강동구,금융 및 보험업,375399,166880,208519,17648,2729,188142,361597,198971
강동구,부동산업,2072041,562303,1509738,543274,257383,709081,1943849,1436534
강동구,사업서비스업,1843414,795834,1047580,89219,2703,955658,1588290,857130
강동구,"공공행정,국방 및 사회보장행정",265352,58804,206548,60859,4,145685,230998,175365
강동구,교육서비스업,726285,228126,498159,73552,1134,423472,664681,455616
강동구,보건업 및 사회복지서비스업,2522710,1308280,1214430,112190,1333,1100908,2345739,1108059
강동구,문화 및 기타 서비스업,624053,320274,303779,66863,4817,232099,558761,262037
