"행정구역별(시군구)","성별","교육정도별",2020,2020,2020,2020,2020,2020
"행정구역별(시군구)","성별","교육정도별",15세 이상 인구,일하였음-계,주로 일하였음,틈틈이 일하였음,일시 휴직,일하지 않았음
"서울특별시","계","계",8270312,4922176,4366934,384854,170388,3348136
"서울특별시","계","초등학교",402036,75615,67173,5789,2653,326421
"서울특별시","계","중학교",556812,199137,181293,10010,7834,357675
"서울특별시","계","고등학교",2455640,1302923,1190628,66200,46095,1152717
"서울특별시","계","대학(4년제 미만)",1015356,714224,626184,59891,28149,301132
"서울특별시","계","대학교(4년제 이상)",3047571,2071603,1814814,187665,69124,975968
"서울특별시","계","대학원석사과정",545158,418188,364277,40389,13522,126970
"서울특별시","계","대학원박사과정",165100,135346,118101,14351,2894,29754
"서울특별시","계","안 받았음(미취학 포함)",82639,5140,4464,559,117,77499
"서울특별시","남자","계",3943155,2679464,2477048,127255,75161,1263691
"서울특별시","남자","초등학교",120372,33539,30683,1319,1537,86833
"서울특별시","남자","중학교",237236,104191,97062,2755,4374,133045
"서울특별시","남자","고등학교",1160683,706997,663794,18432,24771,453686
"서울특별시","남자","대학(4년제 미만)",462804,357380,327172,18759,11449,105424
"서울특별시","남자","대학교(4년제 이상)",1556397,1152200,1059660,65660,26880,404197
"서울특별시","남자","대학원석사과정",286049,234691,216231,13754,4706,51358
"서울특별시","남자","대학원박사과정",106516,89227,81290,6518,1419,17289
"서울특별시","남자","안 받았음(미취학 포함)",13098,1239,1156,58,25,11859
"서울특별시","여자","계",4327157,2242712,1889886,257599,95227,2084445
"서울특별시","여자","초등학교",281664,42076,36490,4470,1116,239588
"서울특별시","여자","중학교",319576,94946,84231,7255,3460,224630
"서울특별시","여자","고등학교",1294957,595926,526834,47768,21324,699031
"서울특별시","여자","대학(4년제 미만)",552552,356844,299012,41132,16700,195708
"서울특별시","여자","대학교(4년제 이상)",1491174,919403,755154,122005,42244,571771
"서울특별시","여자","대학원석사과정",259109,183497,148046,26635,8816,75612
"서울특별시","여자","대학원박사과정",58584,46119,36811,7833,1475,12465
"서울특별시","여자","안 받았음(미취학 포함)",69541,3901,3308,501,92,65640
"종로구","계","계",129425,73595,64174,6835,2586,55830
"종로구","계","초등학교",6150,1153,1011,100,42,4997
"종로구","계","중학교",9022,3625,3310,165,150,5397
"종로구","계","고등학교",34555,17775,16374,848,553,16780
"종로구","계","대학(4년제 미만)",11607,7722,6676,692,354,3885
"종로구","계","대학교(4년제 이상)",49976,31054,26437,3559,1058,18922
"종로구","계","대학원석사과정",11724,8218,6983,929,306,3506
"종로구","계","대학원박사과정",4884,3914,3267,531,116,970
"종로구","계","안 받았음(미취학 포함)",1507,134,116,11,7,1373
"종로구","남자","계",61865,39154,35741,2282,1131,22711
"종로구","남자","초등학교",1856,480,417,32,31,1376
"종로구","남자","중학교",4096,1950,1833,42,75,2146
"종로구","남자","고등학교",16881,9578,9100,194,284,7303
"종로구","남자","대학(4년제 미만)",5269,3865,3433,275,157,1404
"종로구","남자","대학교(4년제 이상)",24891,16638,14983,1209,446,8253
"종로구","남자","대학원석사과정",5752,4286,3855,339,92,1466
"종로구","남자","대학원박사과정",2806,2316,2079,191,46,490
"종로구","남자","안 받았음(미취학 포함)",314,41,41,-,-,273
"종로구","여자","계",67560,34441,28433,4553,1455,33119
"종로구","여자","초등학교",4294,673,594,68,11,3621
"종로구","여자","중학교",4926,1675,1477,123,75,3251
"종로구","여자","고등학교",17674,8197,7274,654,269,9477
"종로구","여자","대학(4년제 미만)",6338,3857,3243,417,197,2481
"종로구","여자","대학교(4년제 이상)",25085,14416,11454,2350,612,10669
"종로구","여자","대학원석사과정",5972,3932,3128,590,214,2040
"종로구","여자","대학원박사과정",2078,1598,1188,340,70,480
"종로구","여자","안 받았음(미취학 포함)",1193,93,75,11,7,1100
"중구","계","계",109011,65012,57350,5282,2380,43999
"중구","계","초등학교",5703,1130,1020,74,36,4573
"중구","계","중학교",7728,3132,2867,136,129,4596
"중구","계","고등학교",33218,18043,16537,864,642,15175
"중구","계","대학(4년제 미만)",11517,8168,6982,843,343,3349
"중구","계","대학교(4년제 이상)",39728,26692,23194,2515,983,13036
"중구","계","대학원석사과정",7198,5583,4791,608,184,1615
"중구","계","대학원박사과정",2711,2180,1881,236,63,531
"중구","계","안 받았음(미취학 포함)",1208,84,78,6,-,1124
"중구","남자","계",51946,34559,31696,1820,1043,17387
"중구","남자","초등학교",1687,461,424,21,16,1226
"중구","남자","중학교",3424,1644,1543,27,74,1780
"중구","남자","고등학교",16166,9887,9313,247,327,6279
"중구","남자","대학(4년제 미만)",5124,3837,3425,266,146,1287
"중구","남자","대학교(4년제 이상)",20086,14418,13054,982,382,5668
"중구","남자","대학원석사과정",3667,3006,2746,194,66,661
"중구","남자","대학원박사과정",1607,1290,1175,83,32,317
"중구","남자","안 받았음(미취학 포함)",185,16,16,-,-,169
"중구","여자","계",57065,30453,25654,3462,1337,26612
"중구","여자","초등학교",4016,669,596,53,20,3347
"중구","여자","중학교",4304,1488,1324,109,55,2816
"중구","여자","고등학교",17052,8156,7224,617,315,8896
"중구","여자","대학(4년제 미만)",6393,4331,3557,577,197,2062
"중구","여자","대학교(4년제 이상)",19642,12274,10140,1533,601,7368
"중구","여자","대학원석사과정",3531,2577,2045,414,118,954
"중구","여자","대학원박사과정",1104,890,706,153,31,214
"중구","여자","안 받았음(미취학 포함)",1023,68,62,6,-,955
"용산구","계","계",192370,115970,103993,8137,3840,76400
"용산구","계","초등학교",7281,1131,1006,65,60,6150
"용산구","계","중학교",10403,3339,3102,141,96,7064
"용산구","계","고등학교",47143,23401,21533,1006,862,23742
"용산구","계","대학(4년제 미만)",18605,12732,11070,1104,558,5873
"용산구","계","대학교(4년제 이상)",81942,55409,49500,4178,1731,26533
"용산구","계","대학원석사과정",18506,14270,12644,1207,419,4236
"용산구","계","대학원박사과정",6601,5546,5020,416,110,1055
"용산구","계","안 받았음(미취학 포함)",1889,142,118,20,4,1747
"용산구","남자","계",90772,63012,58786,2573,1653,27760
"용산구","남자","초등학교",2099,566,513,17,36,1533
"용산구","남자","중학교",4687,1827,1722,48,57,2860
"용산구","남자","고등학교",22029,12582,11820,333,429,9447
"용산구","남자","대학(4년제 미만)",8030,5933,5394,296,243,2097
"용산구","남자","대학교(4년제 이상)",39996,30417,28454,1265,698,9579
"용산구","남자","대학원석사과정",9637,8183,7560,462,161,1454
"용산구","남자","대학원박사과정",3969,3455,3274,152,29,514
"용산구","남자","안 받았음(미취학 포함)",325,49,49,-,-,276
"용산구","여자","계",101598,52958,45207,5564,2187,48640
"용산구","여자","초등학교",5182,565,493,48,24,4617
"용산구","여자","중학교",5716,1512,1380,93,39,4204
"용산구","여자","고등학교",25114,10819,9713,673,433,14295
"용산구","여자","대학(4년제 미만)",10575,6799,5676,808,315,3776
"용산구","여자","대학교(4년제 이상)",41946,24992,21046,2913,1033,16954
"용산구","여자","대학원석사과정",8869,6087,5084,745,258,2782
"용산구","여자","대학원박사과정",2632,2091,1746,264,81,541
"용산구","여자","안 받았음(미취학 포함)",1564,93,69,20,4,1471
"성동구","계","계",253478,151501,133563,12319,5619,101977
"성동구","계","초등학교",13144,2409,2242,122,45,10735
"성동구","계","중학교",17644,6514,5893,283,338,11130
"성동구","계","고등학교",70350,38438,35003,1977,1458,31912
"성동구","계","대학(4년제 미만)",27052,18793,15976,2002,815,8259
"성동구","계","대학교(4년제 이상)",98352,66400,58158,5949,2293,31952
"성동구","계","대학원석사과정",19087,14528,12468,1499,561,4559
"성동구","계","대학원박사과정",5302,4221,3651,468,102,1081
"성동구","계","안 받았음(미취학 포함)",2547,198,172,19,7,2349
"성동구","남자","계",121876,82051,75379,4245,2427,39825
"성동구","남자","초등학교",4139,1067,1006,30,31,3072
"성동구","남자","중학교",7934,3566,3264,77,225,4368
"성동구","남자","고등학교",33955,21127,19606,646,875,12828
"성동구","남자","대학(4년제 미만)",12154,9089,8264,557,268,3065
"성동구","남자","대학교(4년제 이상)",50099,36491,33476,2212,803,13608
"성동구","남자","대학원석사과정",9840,7980,7264,524,192,1860
"성동구","남자","대학원박사과정",3371,2680,2455,199,26,691
"성동구","남자","안 받았음(미취학 포함)",384,51,44,-,7,333
"성동구","여자","계",131602,69450,58184,8074,3192,62152
"성동구","여자","초등학교",9005,1342,1236,92,14,7663
"성동구","여자","중학교",9710,2948,2629,206,113,6762
"성동구","여자","고등학교",36395,17311,15397,1331,583,19084
"성동구","여자","대학(4년제 미만)",14898,9704,7712,1445,547,5194
"성동구","여자","대학교(4년제 이상)",48253,29909,24682,3737,1490,18344
"성동구","여자","대학원석사과정",9247,6548,5204,975,369,2699
"성동구","여자","대학원박사과정",1931,1541,1196,269,76,390
"성동구","여자","안 받았음(미취학 포함)",2163,147,128,19,-,2016
"광진구","계","계",303563,185496,164440,15030,6026,118067
"광진구","계","초등학교",14400,2671,2381,192,98,11729
"광진구","계","중학교",20966,8152,7430,353,369,12814
"광진구","계","고등학교",91184,51059,46746,2590,1723,40125
"광진구","계","대학(4년제 미만)",39379,28573,25288,2212,1073,10806
"광진구","계","대학교(4년제 이상)",112589,77338,67476,7536,2326,35251
"광진구","계","대학원석사과정",17879,13838,11830,1634,374,4041
"광진구","계","대학원박사과정",4558,3668,3097,508,63,890
"광진구","계","안 받았음(미취학 포함)",2608,197,192,5,-,2411
"광진구","남자","계",143904,98130,90099,5233,2798,45774
"광진구","남자","초등학교",4302,1254,1154,41,59,3048
"광진구","남자","중학교",8922,4275,3946,73,256,4647
"광진구","남자","고등학교",43715,27619,25986,682,951,16096
"광진구","남자","대학(4년제 미만)",17465,13561,12413,696,452,3904
"광진구","남자","대학교(4년제 이상)",56965,41582,37741,2901,940,15383
"광진구","남자","대학원석사과정",9109,7337,6610,609,118,1772
"광진구","남자","대학원박사과정",2971,2454,2201,231,22,517
"광진구","남자","안 받았음(미취학 포함)",455,48,48,-,-,407
"광진구","여자","계",159659,87366,74341,9797,3228,72293
"광진구","여자","초등학교",10098,1417,1227,151,39,8681
"광진구","여자","중학교",12044,3877,3484,280,113,8167
"광진구","여자","고등학교",47469,23440,20760,1908,772,24029
"광진구","여자","대학(4년제 미만)",21914,15012,12875,1516,621,6902
"광진구","여자","대학교(4년제 이상)",55624,35756,29735,4635,1386,19868
"광진구","여자","대학원석사과정",8770,6501,5220,1025,256,2269
"광진구","여자","대학원박사과정",1587,1214,896,277,41,373
"광진구","여자","안 받았음(미취학 포함)",2153,149,144,5,-,2004
"동대문구","계","계",301079,171739,150174,15658,5907,129340
"동대문구","계","초등학교",18669,3495,3169,225,101,15174
"동대문구","계","중학교",25681,9785,8852,521,412,15896
"동대문구","계","고등학교",96510,53221,48894,2651,1676,43289
"동대문구","계","대학(4년제 미만)",36261,26373,23421,1984,968,9888
"동대문구","계","대학교(4년제 이상)",100854,64598,54061,8333,2204,36256
"동대문구","계","대학원석사과정",14967,10719,8822,1409,488,4248
"동대문구","계","대학원박사과정",4287,3300,2729,519,52,987
"동대문구","계","안 받았음(미취학 포함)",3850,248,226,16,6,3602
"동대문구","남자","계",146197,94245,85954,5650,2641,51952
"동대문구","남자","초등학교",5881,1490,1398,24,68,4391
"동대문구","남자","중학교",11476,5157,4753,170,234,6319
"동대문구","남자","고등학교",47882,29995,28306,742,947,17887
"동대문구","남자","대학(4년제 미만)",17139,13628,12535,643,450,3511
"동대문구","남자","대학교(4년제 이상)",52624,35950,31866,3308,776,16674
"동대문구","남자","대학원석사과정",7786,5780,5130,512,138,2006
"동대문구","남자","대학원박사과정",2847,2192,1913,251,28,655
"동대문구","남자","안 받았음(미취학 포함)",562,53,53,-,-,509
"동대문구","여자","계",154882,77494,64220,10008,3266,77388
"동대문구","여자","초등학교",12788,2005,1771,201,33,10783
"동대문구","여자","중학교",14205,4628,4099,351,178,9577
"동대문구","여자","고등학교",48628,23226,20588,1909,729,25402
"동대문구","여자","대학(4년제 미만)",19122,12745,10886,1341,518,6377
"동대문구","여자","대학교(4년제 이상)",48230,28648,22195,5025,1428,19582
"동대문구","여자","대학원석사과정",7181,4939,3692,897,350,2242
"동대문구","여자","대학원박사과정",1440,1108,816,268,24,332
"동대문구","여자","안 받았음(미취학 포함)",3288,195,173,16,6,3093
"중랑구","계","계",342402,200145,179121,13578,7446,142257
"중랑구","계","초등학교",23634,4893,4282,384,227,18741
"중랑구","계","중학교",36098,14714,13254,902,558,21384
"중랑구","계","고등학교",135943,78575,71592,3748,3235,57368
"중랑구","계","대학(4년제 미만)",48082,34557,30699,2561,1297,13525
"중랑구","계","대학교(4년제 이상)",82920,58118,51381,4868,1869,24802
"중랑구","계","대학원석사과정",9610,7561,6447,909,205,2049
"중랑구","계","대학원박사과정",1927,1470,1236,179,55,457
"중랑구","계","안 받았음(미취학 포함)",4188,257,230,27,-,3931
"중랑구","남자","계",166318,111138,102750,4559,3829,55180
"중랑구","남자","초등학교",7601,2364,2145,89,130,5237
"중랑구","남자","중학교",16029,7922,7216,361,345,8107
"중랑구","남자","고등학교",67988,44555,41558,1112,1885,23433
"중랑구","남자","대학(4년제 미만)",23217,18183,16796,873,514,5034
"중랑구","남자","대학교(4년제 이상)",44574,32936,30307,1780,849,11638
"중랑구","남자","대학원석사과정",5034,4110,3782,250,78,924
"중랑구","남자","대학원박사과정",1258,983,861,94,28,275
"중랑구","남자","안 받았음(미취학 포함)",617,85,85,-,-,532
"중랑구","여자","계",176084,89007,76371,9019,3617,87077
"중랑구","여자","초등학교",16033,2529,2137,295,97,13504
"중랑구","여자","중학교",20069,6792,6038,541,213,13277
"중랑구","여자","고등학교",67955,34020,30034,2636,1350,33935
"중랑구","여자","대학(4년제 미만)",24865,16374,13903,1688,783,8491
"중랑구","여자","대학교(4년제 이상)",38346,25182,21074,3088,1020,13164
"중랑구","여자","대학원석사과정",4576,3451,2665,659,127,1125
"중랑구","여자","대학원박사과정",669,487,375,85,27,182
"중랑구","여자","안 받았음(미취학 포함)",3571,172,145,27,-,3399
"성북구","계","계",380616,216620,187573,21504,7543,163996
"성북구","계","초등학교",21753,3902,3499,273,130,17851
"성북구","계","중학교",29028,10626,9475,513,638,18402
"성북구","계","고등학교",116384,62649,57108,3437,2104,53735
"성북구","계","대학(4년제 미만)",46459,32051,28063,2836,1152,14408
"성북구","계","대학교(4년제 이상)",132956,85256,71158,11296,2802,47700
"성북구","계","대학원석사과정",21701,16128,13324,2258,546,5573
"성북구","계","대학원박사과정",7272,5750,4738,841,171,1522
"성북구","계","안 받았음(미취학 포함)",5063,258,208,50,-,4805
"성북구","남자","계",179191,117485,107321,6845,3319,61706
"성북구","남자","초등학교",6777,1741,1619,55,67,5036
"성북구","남자","중학교",12293,5523,5069,117,337,6770
"성북구","남자","고등학교",55333,34514,32485,934,1095,20819
"성북구","남자","대학(4년제 미만)",20967,16129,14970,733,426,4838
"성북구","남자","대학교(4년제 이상)",66972,46884,41996,3801,1087,20088
"성북구","남자","대학원석사과정",11393,8896,7893,800,203,2497
"성북구","남자","대학원박사과정",4558,3743,3253,386,104,815
"성북구","남자","안 받았음(미취학 포함)",898,55,36,19,-,843
"성북구","여자","계",201425,99135,80252,14659,4224,102290
"성북구","여자","초등학교",14976,2161,1880,218,63,12815
"성북구","여자","중학교",16735,5103,4406,396,301,11632
"성북구","여자","고등학교",61051,28135,24623,2503,1009,32916
"성북구","여자","대학(4년제 미만)",25492,15922,13093,2103,726,9570
"성북구","여자","대학교(4년제 이상)",65984,38372,29162,7495,1715,27612
"성북구","여자","대학원석사과정",10308,7232,5431,1458,343,3076
"성북구","여자","대학원박사과정",2714,2007,1485,455,67,707
"성북구","여자","안 받았음(미취학 포함)",4165,203,172,31,-,3962
"강북구","계","계",268505,150135,134453,10717,4965,118370
"강북구","계","초등학교",21676,4530,4114,328,88,17146
"강북구","계","중학교",27579,10701,9813,488,400,16878
"강북구","계","고등학교",106207,60050,55224,2692,2134,46157
"강북구","계","대학(4년제 미만)",36162,25283,22369,2040,874,10879
"강북구","계","대학교(4년제 이상)",62429,41948,36326,4334,1288,20481
"강북구","계","대학원석사과정",7994,5913,5109,664,140,2081
"강북구","계","대학원박사과정",1844,1411,1230,140,41,433
"강북구","계","안 받았음(미취학 포함)",4614,299,268,31,-,4315
"강북구","남자","계",128000,81599,75750,3257,2592,46401
"강북구","남자","초등학교",6586,1929,1798,80,51,4657
"강북구","남자","중학교",11863,5461,5124,91,246,6402
"강북구","남자","고등학교",52790,33279,31483,647,1149,19511
"강북구","남자","대학(4년제 미만)",17539,13102,12073,607,422,4437
"강북구","남자","대학교(4년제 이상)",32946,23515,21393,1490,632,9431
"강북구","남자","대학원석사과정",4323,3364,3010,286,68,959
"강북구","남자","대학원박사과정",1135,884,804,56,24,251
"강북구","남자","안 받았음(미취학 포함)",818,65,65,-,-,753
"강북구","여자","계",140505,68536,58703,7460,2373,71969
"강북구","여자","초등학교",15090,2601,2316,248,37,12489
"강북구","여자","중학교",15716,5240,4689,397,154,10476
"강북구","여자","고등학교",53417,26771,23741,2045,985,26646
"강북구","여자","대학(4년제 미만)",18623,12181,10296,1433,452,6442
"강북구","여자","대학교(4년제 이상)",29483,18433,14933,2844,656,11050
"강북구","여자","대학원석사과정",3671,2549,2099,378,72,1122
"강북구","여자","대학원박사과정",709,527,426,84,17,182
"강북구","여자","안 받았음(미취학 포함)",3796,234,203,31,-,3562
"도봉구","계","계",282118,158918,143012,10583,5323,123200
"도봉구","계","초등학교",18563,3644,3193,317,134,14919
"도봉구","계","중학교",23960,9058,8443,291,324,14902
"도봉구","계","고등학교",104833,56908,52578,2418,1912,47925
"도봉구","계","대학(4년제 미만)",40453,27976,24931,2056,989,12477
"도봉구","계","대학교(4년제 이상)",78713,52015,45866,4529,1620,26698
"도봉구","계","대학원석사과정",9693,7304,6261,731,312,2389
"도봉구","계","대학원박사과정",2147,1761,1528,209,24,386
"도봉구","계","안 받았음(미취학 포함)",3756,252,212,32,8,3504
"도봉구","남자","계",134490,88012,82017,3351,2644,46478
"도봉구","남자","초등학교",5534,1657,1500,86,71,3877
"도봉구","남자","중학교",10244,5177,4891,77,209,5067
"도봉구","남자","고등학교",49990,31274,29574,637,1063,18716
"도봉구","남자","대학(4년제 미만)",19534,14846,13725,668,453,4688
"도봉구","남자","대학교(4년제 이상)",42085,29938,27656,1528,754,12147
"도봉구","남자","대학원석사과정",5146,3936,3582,271,83,1210
"도봉구","남자","대학원박사과정",1422,1129,1042,76,11,293
"도봉구","남자","안 받았음(미취학 포함)",535,55,47,8,-,480
"도봉구","여자","계",147628,70906,60995,7232,2679,76722
"도봉구","여자","초등학교",13029,1987,1693,231,63,11042
"도봉구","여자","중학교",13716,3881,3552,214,115,9835
"도봉구","여자","고등학교",54843,25634,23004,1781,849,29209
"도봉구","여자","대학(4년제 미만)",20919,13130,11206,1388,536,7789
"도봉구","여자","대학교(4년제 이상)",36628,22077,18210,3001,866,14551
"도봉구","여자","대학원석사과정",4547,3368,2679,460,229,1179
"도봉구","여자","대학원박사과정",725,632,486,133,13,93
"도봉구","여자","안 받았음(미취학 포함)",3221,197,165,24,8,3024
"노원구","계","계",448130,249792,220668,21075,8049,198338
"노원구","계","초등학교",25113,4537,4131,262,144,20576
"노원구","계","중학교",30860,10009,9243,495,271,20851
"노원구","계","고등학교",143547,70481,64424,3744,2313,73066
"노원구","계","대학(4년제 미만)",58197,39281,34469,3222,1590,18916
"노원구","계","대학교(4년제 이상)",156847,103312,88833,11327,3152,53535
"노원구","계","대학원석사과정",22426,17327,15300,1548,479,5099
"노원구","계","대학원박사과정",5523,4595,4052,445,98,928
"노원구","계","안 받았음(미취학 포함)",5617,250,216,32,2,5367
"노원구","남자","계",211112,137260,126752,6916,3592,73852
"노원구","남자","초등학교",7026,1916,1769,60,87,5110
"노원구","남자","중학교",12745,5143,4894,109,140,7602
"노원구","남자","고등학교",67016,38281,36154,881,1246,28735
"노원구","남자","대학(4년제 미만)",26758,20511,18856,952,703,6247
"노원구","남자","대학교(4년제 이상)",81043,58577,53190,4168,1219,22466
"노원구","남자","대학원석사과정",12021,9738,9091,488,159,2283
"노원구","남자","대학원박사과정",3569,3030,2734,258,38,539
"노원구","남자","안 받았음(미취학 포함)",934,64,64,-,-,870
"노원구","여자","계",237018,112532,93916,14159,4457,124486
"노원구","여자","초등학교",18087,2621,2362,202,57,15466
"노원구","여자","중학교",18115,4866,4349,386,131,13249
"노원구","여자","고등학교",76531,32200,28270,2863,1067,44331
"노원구","여자","대학(4년제 미만)",31439,18770,15613,2270,887,12669
"노원구","여자","대학교(4년제 이상)",75804,44735,35643,7159,1933,31069
"노원구","여자","대학원석사과정",10405,7589,6209,1060,320,2816
"노원구","여자","대학원박사과정",1954,1565,1318,187,60,389
"노원구","여자","안 받았음(미취학 포함)",4683,186,152,32,2,4497
"은평구","계","계",409726,237223,210382,17719,9122,172503
"은평구","계","초등학교",23439,4058,3449,356,253,19381
"은평구","계","중학교",28996,9532,8391,690,451,19464
"은평구","계","고등학교",142638,76070,69094,4031,2945,66568
"은평구","계","대학(4년제 미만)",56873,39738,34704,3439,1595,17135
"은평구","계","대학교(4년제 이상)",130394,89483,78926,7247,3310,40911
"은평구","계","대학원석사과정",18534,14502,12607,1416,479,4032
"은평구","계","대학원박사과정",4549,3632,3018,533,81,917
"은평구","계","안 받았음(미취학 포함)",4303,208,193,7,8,4095
"은평구","남자","계",192856,128134,118064,5768,4302,64722
"은평구","남자","초등학교",6978,1828,1597,80,151,5150
"은평구","남자","중학교",12105,4776,4358,172,246,7329
"은평구","남자","고등학교",66540,40963,38369,981,1613,25577
"은평구","남자","대학(4년제 미만)",26367,20474,18529,1189,756,5893
"은평구","남자","대학교(4년제 이상)",67609,49698,45783,2574,1341,17911
"은평구","남자","대학원석사과정",9726,8085,7428,510,147,1641
"은평구","남자","대학원박사과정",2785,2260,1958,262,40,525
"은평구","남자","안 받았음(미취학 포함)",746,50,42,-,8,696
"은평구","여자","계",216870,109089,92318,11951,4820,107781
"은평구","여자","초등학교",16461,2230,1852,276,102,14231
"은평구","여자","중학교",16891,4756,4033,518,205,12135
"은평구","여자","고등학교",76098,35107,30725,3050,1332,40991
"은평구","여자","대학(4년제 미만)",30506,19264,16175,2250,839,11242
"은평구","여자","대학교(4년제 이상)",62785,39785,33143,4673,1969,23000
"은평구","여자","대학원석사과정",8808,6417,5179,906,332,2391
"은평구","여자","대학원박사과정",1764,1372,1060,271,41,392
"은평구","여자","안 받았음(미취학 포함)",3557,158,151,7,-,3399
"서대문구","계","계",274287,158147,137356,15617,5174,116140
"서대문구","계","초등학교",14089,2403,2123,216,64,11686
"서대문구","계","중학교",17104,5606,5168,213,225,11498
"서대문구","계","고등학교",75665,39861,36605,2043,1213,35804
"서대문구","계","대학(4년제 미만)",31259,21411,18522,1976,913,9848
"서대문구","계","대학교(4년제 이상)",105438,68787,58587,8005,2195,36651
"서대문구","계","대학원석사과정",20437,14642,11965,2260,417,5795
"서대문구","계","대학원박사과정",6842,5167,4175,856,136,1675
"서대문구","계","안 받았음(미취학 포함)",3453,270,211,48,11,3183
"서대문구","남자","계",127165,83445,76167,5202,2076,43720
"서대문구","남자","초등학교",4091,918,829,48,41,3173
"서대문구","남자","중학교",6910,2823,2615,82,126,4087
"서대문구","남자","고등학교",35447,21242,20100,605,537,14205
"서대문구","남자","대학(4년제 미만)",13977,10629,9746,530,353,3348
"서대문구","남자","대학교(4년제 이상)",52084,36956,33438,2715,803,15128
"서대문구","남자","대학원석사과정",9808,7553,6646,761,146,2255
"서대문구","남자","대학원박사과정",4257,3256,2725,461,70,1001
"서대문구","남자","안 받았음(미취학 포함)",591,68,68,-,-,523
"서대문구","여자","계",147122,74702,61189,10415,3098,72420
"서대문구","여자","초등학교",9998,1485,1294,168,23,8513
"서대문구","여자","중학교",10194,2783,2553,131,99,7411
"서대문구","여자","고등학교",40218,18619,16505,1438,676,21599
"서대문구","여자","대학(4년제 미만)",17282,10782,8776,1446,560,6500
"서대문구","여자","대학교(4년제 이상)",53354,31831,25149,5290,1392,21523
"서대문구","여자","대학원석사과정",10629,7089,5319,1499,271,3540
"서대문구","여자","대학원박사과정",2585,1911,1450,395,66,674
"서대문구","여자","안 받았음(미취학 포함)",2862,202,143,48,11,2660
"마포구","계","계",317331,196056,172489,15813,7754,121275
"마포구","계","초등학교",13194,2135,1931,134,70,11059
"마포구","계","중학교",17739,5603,5070,281,252,12136
"마포구","계","고등학교",77625,39791,36213,2072,1506,37834
"마포구","계","대학(4년제 미만)",36939,25923,22280,2236,1407,11016
"마포구","계","대학교(4년제 이상)",136695,96537,84334,8524,3679,40158
"마포구","계","대학원석사과정",25479,20226,17613,1938,675,5253
"마포구","계","대학원박사과정",6659,5593,4832,596,165,1066
"마포구","계","안 받았음(미취학 포함)",3001,248,216,32,-,2753
"마포구","남자","계",146193,101888,93567,5223,3098,44305
"마포구","남자","초등학교",3516,804,756,19,29,2712
"마포구","남자","중학교",7175,2773,2559,81,133,4402
"마포구","남자","고등학교",35737,21221,19743,744,734,14516
"마포구","남자","대학(4년제 미만)",15544,12007,10820,688,499,3537
"마포구","남자","대학교(4년제 이상)",67044,50973,46837,2786,1350,16071
"마포구","남자","대학원석사과정",12756,10719,9818,655,246,2037
"마포구","남자","대학원박사과정",3946,3377,3020,250,107,569
"마포구","남자","안 받았음(미취학 포함)",475,14,14,-,-,461
"마포구","여자","계",171138,94168,78922,10590,4656,76970
"마포구","여자","초등학교",9678,1331,1175,115,41,8347
"마포구","여자","중학교",10564,2830,2511,200,119,7734
"마포구","여자","고등학교",41888,18570,16470,1328,772,23318
"마포구","여자","대학(4년제 미만)",21395,13916,11460,1548,908,7479
"마포구","여자","대학교(4년제 이상)",69651,45564,37497,5738,2329,24087
"마포구","여자","대학원석사과정",12723,9507,7795,1283,429,3216
"마포구","여자","대학원박사과정",2713,2216,1812,346,58,497
"마포구","여자","안 받았음(미취학 포함)",2526,234,202,32,-,2292
"양천구","계","계",376752,222420,197470,17019,7931,154332
"양천구","계","초등학교",16687,3338,2932,271,135,13349
"양천구","계","중학교",26033,9015,8289,444,282,17018
"양천구","계","고등학교",113595,58275,53009,3143,2123,55320
"양천구","계","대학(4년제 미만)",47167,32778,28347,3125,1306,14389
"양천구","계","대학교(4년제 이상)",137008,92512,81299,7896,3317,44496
"양천구","계","대학원석사과정",26363,20964,18647,1642,675,5399
"양천구","계","대학원박사과정",6365,5376,4825,458,93,989
"양천구","계","안 받았음(미취학 포함)",3534,162,122,40,-,3372
"양천구","남자","계",180866,124297,115606,5182,3509,56569
"양천구","남자","초등학교",5069,1667,1489,76,102,3402
"양천구","남자","중학교",11382,5010,4753,96,161,6372
"양천구","남자","고등학교",52902,31282,29232,899,1151,21620
"양천구","남자","대학(4년제 미만)",21653,16689,15241,896,552,4964
"양천구","남자","대학교(4년제 이상)",70891,53656,49756,2619,1281,17235
"양천구","남자","대학원석사과정",14239,12248,11580,444,224,1991
"양천구","남자","대학원박사과정",4300,3713,3523,152,38,587
"양천구","남자","안 받았음(미취학 포함)",430,32,32,-,-,398
"양천구","여자","계",195886,98123,81864,11837,4422,97763
"양천구","여자","초등학교",11618,1671,1443,195,33,9947
"양천구","여자","중학교",14651,4005,3536,348,121,10646
"양천구","여자","고등학교",60693,26993,23777,2244,972,33700
"양천구","여자","대학(4년제 미만)",25514,16089,13106,2229,754,9425
"양천구","여자","대학교(4년제 이상)",66117,38856,31543,5277,2036,27261
"양천구","여자","대학원석사과정",12124,8716,7067,1198,451,3408
"양천구","여자","대학원박사과정",2065,1663,1302,306,55,402
"양천구","여자","안 받았음(미취학 포함)",3104,130,90,40,-,2974
"강서구","계","계",495955,307043,272932,21572,12539,188912
"강서구","계","초등학교",23373,4162,3645,360,157,19211
"강서구","계","중학교",31718,10873,9846,650,377,20845
"강서구","계","고등학교",160393,87398,80072,4449,2877,72995
"강서구","계","대학(4년제 미만)",73163,53249,46638,4277,2334,19914
"강서구","계","대학교(4년제 이상)",173013,127117,111438,9761,5918,45896
"강서구","계","대학원석사과정",24585,19887,17640,1522,725,4698
"강서구","계","대학원박사과정",4881,4108,3458,518,132,773
"강서구","계","안 받았음(미취학 포함)",4829,249,195,35,19,4580
"강서구","남자","계",234788,166280,154059,7258,4963,68508
"강서구","남자","초등학교",6823,1849,1675,84,90,4974
"강서구","남자","중학교",12638,5406,4985,254,167,7232
"강서구","남자","고등학교",74192,46915,43995,1386,1534,27277
"강서구","남자","대학(4년제 미만)",33832,26863,24620,1416,827,6969
"강서구","남자","대학교(4년제 이상)",90271,71260,65927,3279,2054,19011
"강서구","남자","대학원석사과정",13050,11062,10318,530,214,1988
"강서구","남자","대학원박사과정",3316,2874,2504,303,67,442
"강서구","남자","안 받았음(미취학 포함)",666,51,35,6,10,615
"강서구","여자","계",261167,140763,118873,14314,7576,120404
"강서구","여자","초등학교",16550,2313,1970,276,67,14237
"강서구","여자","중학교",19080,5467,4861,396,210,13613
"강서구","여자","고등학교",86201,40483,36077,3063,1343,45718
"강서구","여자","대학(4년제 미만)",39331,26386,22018,2861,1507,12945
"강서구","여자","대학교(4년제 이상)",82742,55857,45511,6482,3864,26885
"강서구","여자","대학원석사과정",11535,8825,7322,992,511,2710
"강서구","여자","대학원박사과정",1565,1234,954,215,65,331
"강서구","여자","안 받았음(미취학 포함)",4163,198,160,29,9,3965
"구로구","계","계",350100,213242,192083,14347,6812,136858
"구로구","계","초등학교",20160,4144,3683,347,114,16016
"구로구","계","중학교",30383,11717,10723,619,375,18666
"구로구","계","고등학교",118912,67489,62199,3177,2113,51423
"구로구","계","대학(4년제 미만)",51871,37130,33011,2838,1281,14741
"구로구","계","대학교(4년제 이상)",107621,78841,70417,5940,2484,28780
"구로구","계","대학원석사과정",14095,11304,9818,1144,342,2791
"구로구","계","대학원박사과정",2794,2354,1987,275,92,440
"구로구","계","안 받았음(미취학 포함)",4264,263,245,7,11,4001
"구로구","남자","계",170262,118583,111102,4420,3061,51679
"구로구","남자","초등학교",6031,1809,1707,55,47,4222
"구로구","남자","중학교",13150,6258,5914,171,173,6892
"구로구","남자","고등학교",57868,37613,35634,788,1191,20255
"구로구","남자","대학(4년제 미만)",25406,19899,18385,962,552,5507
"구로구","남자","대학교(4년제 이상)",57542,44995,42160,1894,941,12547
"구로구","남자","대학원석사과정",7590,6370,5859,392,119,1220
"구로구","남자","대학원박사과정",1863,1582,1386,158,38,281
"구로구","남자","안 받았음(미취학 포함)",812,57,57,-,-,755
"구로구","여자","계",179838,94659,80981,9927,3751,85179
"구로구","여자","초등학교",14129,2335,1976,292,67,11794
"구로구","여자","중학교",17233,5459,4809,448,202,11774
"구로구","여자","고등학교",61044,29876,26565,2389,922,31168
"구로구","여자","대학(4년제 미만)",26465,17231,14626,1876,729,9234
"구로구","여자","대학교(4년제 이상)",50079,33846,28257,4046,1543,16233
"구로구","여자","대학원석사과정",6505,4934,3959,752,223,1571
"구로구","여자","대학원박사과정",931,772,601,117,54,159
"구로구","여자","안 받았음(미취학 포함)",3452,206,188,7,11,3246
"금천구","계","계",205169,126352,115770,6904,3678,78817
"금천구","계","초등학교",12438,2568,2273,161,134,9870
"금천구","계","중학교",21355,9396,8665,355,376,11959
"금천구","계","고등학교",80853,48064,44816,1801,1447,32789
"금천구","계","대학(4년제 미만)",28270,20880,18912,1394,574,7390
"금천구","계","대학교(4년제 이상)",53010,39637,35962,2697,978,13373
"금천구","계","대학원석사과정",5796,4670,4124,405,141,1126
"금천구","계","대학원박사과정",1128,955,841,86,28,173
"금천구","계","안 받았음(미취학 포함)",2319,182,177,5,-,2137
"금천구","남자","계",102143,71498,67339,2341,1818,30645
"금천구","남자","초등학교",3814,1127,1033,17,77,2687
"금천구","남자","중학교",9518,4947,4635,103,209,4571
"금천구","남자","고등학교",40614,27191,25950,473,768,13423
"금천구","남자","대학(4년제 미만)",14488,11537,10746,556,235,2951
"금천구","남자","대학교(4년제 이상)",29328,23177,21777,954,446,6151
"금천구","남자","대학원석사과정",3290,2830,2559,198,73,460
"금천구","남자","대학원박사과정",717,624,574,40,10,93
"금천구","남자","안 받았음(미취학 포함)",374,65,65,-,-,309
"금천구","여자","계",103026,54854,48431,4563,1860,48172
"금천구","여자","초등학교",8624,1441,1240,144,57,7183
"금천구","여자","중학교",11837,4449,4030,252,167,7388
"금천구","여자","고등학교",40239,20873,18866,1328,679,19366
"금천구","여자","대학(4년제 미만)",13782,9343,8166,838,339,4439
"금천구","여자","대학교(4년제 이상)",23682,16460,14185,1743,532,7222
"금천구","여자","대학원석사과정",2506,1840,1565,207,68,666
"금천구","여자","대학원박사과정",411,331,267,46,18,80
"금천구","여자","안 받았음(미취학 포함)",1945,117,112,5,-,1828
"영등포구","계","계",324500,203213,182161,13862,7190,121287
"영등포구","계","초등학교",15270,2768,2380,266,122,12502
"영등포구","계","중학교",21573,7816,7180,368,268,13757
"영등포구","계","고등학교",86410,46589,42594,2309,1686,39821
"영등포구","계","대학(4년제 미만)",39032,27391,24247,2059,1085,11641
"영등포구","계","대학교(4년제 이상)",129987,95149,85023,6730,3396,34838
"영등포구","계","대학원석사과정",23119,18288,16089,1638,561,4831
"영등포구","계","대학원박사과정",6115,5031,4499,470,62,1084
"영등포구","계","안 받았음(미취학 포함)",2994,181,149,22,10,2813
"영등포구","남자","계",157969,111121,103780,4400,2941,46848
"영등포구","남자","초등학교",4842,1345,1191,70,84,3497
"영등포구","남자","중학교",9375,4267,4061,91,115,5108
"영등포구","남자","고등학교",41520,25425,23918,579,928,16095
"영등포구","남자","대학(4년제 미만)",17829,13574,12483,662,429,4255
"영등포구","남자","대학교(4년제 이상)",67557,52786,49316,2257,1213,14771
"영등포구","남자","대학원석사과정",12392,10375,9679,542,154,2017
"영등포구","남자","대학원박사과정",4002,3292,3080,194,18,710
"영등포구","남자","안 받았음(미취학 포함)",452,57,52,5,-,395
"영등포구","여자","계",166531,92092,78381,9462,4249,74439
"영등포구","여자","초등학교",10428,1423,1189,196,38,9005
"영등포구","여자","중학교",12198,3549,3119,277,153,8649
"영등포구","여자","고등학교",44890,21164,18676,1730,758,23726
"영등포구","여자","대학(4년제 미만)",21203,13817,11764,1397,656,7386
"영등포구","여자","대학교(4년제 이상)",62430,42363,35707,4473,2183,20067
"영등포구","여자","대학원석사과정",10727,7913,6410,1096,407,2814
"영등포구","여자","대학원박사과정",2113,1739,1419,276,44,374
"영등포구","여자","안 받았음(미취학 포함)",2542,124,97,17,10,2418
"동작구","계","계",341054,200385,177057,16970,6358,140669
"동작구","계","초등학교",15418,2753,2474,201,78,12665
"동작구","계","중학교",19828,6325,5816,311,198,13503
"동작구","계","고등학교",89377,45261,41466,2431,1364,44116
"동작구","계","대학(4년제 미만)",42547,29596,26080,2496,1020,12951
"동작구","계","대학교(4년제 이상)",139996,92503,80329,9245,2929,47493
"동작구","계","대학원석사과정",24036,18152,15750,1737,665,5884
"동작구","계","대학원박사과정",6981,5556,4915,537,104,1425
"동작구","계","안 받았음(미취학 포함)",2871,239,227,12,-,2632
"동작구","남자","계",162461,107527,98537,6195,2795,54934
"동작구","남자","초등학교",4270,1143,1037,57,49,3127
"동작구","남자","중학교",7905,3092,2915,63,114,4813
"동작구","남자","고등학교",41364,24307,22833,762,712,17057
"동작구","남자","대학(4년제 미만)",19108,14436,13186,883,367,4672
"동작구","남자","대학교(4년제 이상)",72220,50862,46007,3613,1242,21358
"동작구","남자","대학원석사과정",12622,10056,9250,573,233,2566
"동작구","남자","대학원박사과정",4537,3565,3243,244,78,972
"동작구","남자","안 받았음(미취학 포함)",435,66,66,-,-,369
"동작구","여자","계",178593,92858,78520,10775,3563,85735
"동작구","여자","초등학교",11148,1610,1437,144,29,9538
"동작구","여자","중학교",11923,3233,2901,248,84,8690
"동작구","여자","고등학교",48013,20954,18633,1669,652,27059
"동작구","여자","대학(4년제 미만)",23439,15160,12894,1613,653,8279
"동작구","여자","대학교(4년제 이상)",67776,41641,34322,5632,1687,26135
"동작구","여자","대학원석사과정",11414,8096,6500,1164,432,3318
"동작구","여자","대학원박사과정",2444,1991,1672,293,26,453
"동작구","여자","안 받았음(미취학 포함)",2436,173,161,12,-,2263
"관악구","계","계",445834,271584,238498,23656,9430,174250
"관악구","계","초등학교",23560,4715,4248,341,126,18845
"관악구","계","중학교",29911,10954,9828,596,530,18957
"관악구","계","고등학교",130230,72994,66529,3574,2891,57236
"관악구","계","대학(4년제 미만)",62144,45660,40290,3803,1567,16484
"관악구","계","대학교(4년제 이상)",162603,113021,98387,11078,3556,49582
"관악구","계","대학원석사과정",24267,17420,14197,2660,563,6847
"관악구","계","대학원박사과정",8870,6617,4836,1591,190,2253
"관악구","계","안 받았음(미취학 포함)",4249,203,183,13,7,4046
"관악구","남자","계",221041,147592,133108,9721,4763,73449
"관악구","남자","초등학교",7567,2165,2009,98,58,5402
"관악구","남자","중학교",12538,5631,5155,161,315,6907
"관악구","남자","고등학교",63826,39906,37221,1020,1665,23920
"관악구","남자","대학(4년제 미만)",29765,22740,20739,1311,690,7025
"관악구","남자","대학교(4년제 이상)",87864,63001,56416,4882,1703,24863
"관악구","남자","대학원석사과정",12982,9613,8147,1231,235,3369
"관악구","남자","대학원박사과정",5930,4498,3383,1018,97,1432
"관악구","남자","안 받았음(미취학 포함)",569,38,38,-,-,531
"관악구","여자","계",224793,123992,105390,13935,4667,100801
"관악구","여자","초등학교",15993,2550,2239,243,68,13443
"관악구","여자","중학교",17373,5323,4673,435,215,12050
"관악구","여자","고등학교",66404,33088,29308,2554,1226,33316
"관악구","여자","대학(4년제 미만)",32379,22920,19551,2492,877,9459
"관악구","여자","대학교(4년제 이상)",74739,50020,41971,6196,1853,24719
"관악구","여자","대학원석사과정",11285,7807,6050,1429,328,3478
"관악구","여자","대학원박사과정",2940,2119,1453,573,93,821
"관악구","여자","안 받았음(미취학 포함)",3680,165,145,13,7,3515
"서초구","계","계",341533,207311,183805,16818,6688,134222
"서초구","계","초등학교",6236,1068,935,113,20,5168
"서초구","계","중학교",9938,2512,2300,132,80,7426
"서초구","계","고등학교",59348,23873,21319,1629,925,35475
"서초구","계","대학(4년제 미만)",27044,17878,15313,1782,783,9166
"서초구","계","대학교(4년제 이상)",169901,108285,95444,9401,3440,61616
"서초구","계","대학원석사과정",47389,36403,32736,2557,1110,10986
"서초구","계","대학원박사과정",20303,17206,15693,1192,321,3097
"서초구","계","안 받았음(미취학 포함)",1374,86,65,12,9,1288
"서초구","남자","계",159608,113447,105607,5208,2632,46161
"서초구","남자","초등학교",1732,520,489,26,5,1212
"서초구","남자","중학교",4019,1126,1071,34,21,2893
"서초구","남자","고등학교",24394,11679,10746,478,455,12715
"서초구","남자","대학(4년제 미만)",10446,7869,7049,503,317,2577
"서초구","남자","대학교(4년제 이상)",81265,59912,55587,3043,1282,21353
"서초구","남자","대학원석사과정",24647,21010,19922,681,407,3637
"서초구","남자","대학원박사과정",12903,11313,10725,443,145,1590
"서초구","남자","안 받았음(미취학 포함)",202,18,18,-,-,184
"서초구","여자","계",181925,93864,78198,11610,4056,88061
"서초구","여자","초등학교",4504,548,446,87,15,3956
"서초구","여자","중학교",5919,1386,1229,98,59,4533
"서초구","여자","고등학교",34954,12194,10573,1151,470,22760
"서초구","여자","대학(4년제 미만)",16598,10009,8264,1279,466,6589
"서초구","여자","대학교(4년제 이상)",88636,48373,39857,6358,2158,40263
"서초구","여자","대학원석사과정",22742,15393,12814,1876,703,7349
"서초구","여자","대학원박사과정",7400,5893,4968,749,176,1507
"서초구","여자","안 받았음(미취학 포함)",1172,68,47,12,9,1104
"강남구","계","계",437498,264553,233690,22009,8854,172945
"강남구","계","초등학교",8656,1674,1399,211,64,6982
"강남구","계","중학교",12974,2928,2646,184,98,10046
"강남구","계","고등학교",83205,34457,30684,2395,1378,48748
"강남구","계","대학(4년제 미만)",36322,25165,21362,2520,1283,11157
"강남구","계","대학교(4년제 이상)",214468,137435,121236,11823,4376,77033
"강남구","계","대학원석사과정",56877,43181,38442,3424,1315,13696
"강남구","계","대학원박사과정",23204,19592,17816,1444,332,3612
"강남구","계","안 받았음(미취학 포함)",1792,121,105,8,8,1671
"강남구","남자","계",204447,143176,133642,6183,3351,61271
"강남구","남자","초등학교",2291,633,554,47,32,1658
"강남구","남자","중학교",5390,1358,1269,30,59,4032
"강남구","남자","고등학교",35480,16397,15280,602,515,19083
"강남구","남자","대학(4년제 미만)",14145,10968,9808,715,445,3177
"강남구","남자","대학교(4년제 이상)",101877,75239,70117,3487,1635,26638
"강남구","남자","대학원석사과정",29845,25292,23914,887,491,4553
"강남구","남자","대학원박사과정",15159,13258,12669,415,174,1901
"강남구","남자","안 받았음(미취학 포함)",260,31,31,-,-,229
"강남구","여자","계",233051,121377,100048,15826,5503,111674
"강남구","여자","초등학교",6365,1041,845,164,32,5324
"강남구","여자","중학교",7584,1570,1377,154,39,6014
"강남구","여자","고등학교",47725,18060,15404,1793,863,29665
"강남구","여자","대학(4년제 미만)",22177,14197,11554,1805,838,7980
"강남구","여자","대학교(4년제 이상)",112591,62196,51119,8336,2741,50395
"강남구","여자","대학원석사과정",27032,17889,14528,2537,824,9143
"강남구","여자","대학원박사과정",8045,6334,5147,1029,158,1711
"강남구","여자","안 받았음(미취학 포함)",1532,90,74,8,8,1442
"송파구","계","계",555477,344704,307096,26302,11306,210773
"송파구","계","초등학교",16520,3255,2944,258,53,13265
"송파구","계","중학교",24247,8067,7338,431,298,16180
"송파구","계","고등학교",136406,67699,61191,3953,2555,68707
"송파구","계","대학(4년제 미만)",62134,43416,38081,3650,1685,18718
"송파구","계","대학교(4년제 이상)",247101,169920,150920,13839,5161,77181
"송파구","계","대학원석사과정",51094,39631,35125,3171,1335,11463
"송파구","계","대학원박사과정",14633,12502,11313,970,219,2131
"송파구","계","안 받았음(미취학 포함)",3342,214,184,30,-,3128
"송파구","남자","계",262271,187158,174245,8181,4732,75113
"송파구","남자","초등학교",4947,1461,1366,69,26,3486
"송파구","남자","중학교",10297,4287,3999,107,181,6010
"송파구","남자","고등학교",59887,35012,32622,987,1403,24875
"송파구","남자","대학(4년제 미만)",26314,20714,19064,982,668,5600
"송파구","남자","대학교(4년제 이상)",123008,94097,87841,4432,1824,28911
"송파구","남자","대학원석사과정",27258,22692,21121,1081,490,4566
"송파구","남자","대학원박사과정",10133,8817,8174,503,140,1316
"송파구","남자","안 받았음(미취학 포함)",427,78,58,20,-,349
"송파구","여자","계",293206,157546,132851,18121,6574,135660
"송파구","여자","초등학교",11573,1794,1578,189,27,9779
"송파구","여자","중학교",13950,3780,3339,324,117,10170
"송파구","여자","고등학교",76519,32687,28569,2966,1152,43832
"송파구","여자","대학(4년제 미만)",35820,22702,19017,2668,1017,13118
"송파구","여자","대학교(4년제 이상)",124093,75823,63079,9407,3337,48270
"송파구","여자","대학원석사과정",23836,16939,14004,2090,845,6897
"송파구","여자","대학원박사과정",4500,3685,3139,467,79,815
"송파구","여자","안 받았음(미취학 포함)",2915,136,126,10,-,2779
"강동구","계","계",384399,231020,207624,15528,7868,153379
"강동구","계","초등학교",16910,3079,2709,212,158,13831
"강동구","계","중학교",26044,9138,8351,448,339,16906
"강동구","계","고등학교",121109,64502,58824,3218,2460,56607
"강동구","계","대학(4년제 미만)",46817,32500,28453,2744,1303,14317
"강동구","계","대학교(4년제 이상)",143030,100236,90122,7055,3059,42794
"강동구","계","대학원석사과정",22302,17529,15545,1479,505,4773
"강동구","계","대학원박사과정",4720,3841,3464,333,44,879
"강동구","계","안 받았음(미취학 포함)",3467,195,156,39,-,3272
"강동구","남자","계",185414,128673,119980,5242,3451,56741
"강동구","남자","초등학교",4913,1345,1208,38,99,3568
"강동구","남자","중학교",11121,4792,4518,118,156,6329
"강동구","남자","고등학교",57167,35153,32766,1073,1314,22014
"강동구","남자","대학(4년제 미만)",20734,16297,14872,900,525,4437
"강동구","남자","대학교(4년제 이상)",75556,58242,54582,2481,1179,17314
"강동구","남자","대학원석사과정",12136,10170,9467,534,169,1966
"강동구","남자","대학원박사과정",3155,2642,2535,98,9,513
"강동구","남자","안 받았음(미취학 포함)",632,32,32,-,-,600
"강동구","여자","계",198985,102347,87644,10286,4417,96638
"강동구","여자","초등학교",11997,1734,1501,174,59,10263
"강동구","여자","중학교",14923,4346,3833,330,183,10577
"강동구","여자","고등학교",63942,29349,26058,2145,1146,34593
"강동구","여자","대학(4년제 미만)",26083,16203,13581,1844,778,9880
"강동구","여자","대학교(4년제 이상)",67474,41994,35540,4574,1880,25480
"강동구","여자","대학원석사과정",10166,7359,6078,945,336,2807
"강동구","여자","대학원박사과정",1565,1199,929,235,35,366
"강동구","여자","안 받았음(미취학 포함)",2835,163,124,39,-,2672
